Orlando Storm,ORL,DST
Louisville Kings,LOU,DST
Columbus Aviators,CLB,DST
Birmingham Stallions,BHAM,DST
Houston Gamblers,HOU,DST
Dallas Renegades,ARL,DST
DC Defenders,DC,DST
St. Louis Battlehawks,STL,DST
Taulia Tagovailoa,HOU,QB
Jerron Cage,CLB,DL
Quashon Fuller,CLB,DL
Brad Robbins,CLB,P
Chris Collins,ORL,DL
Boogie Basham,DC,DL
Major Burns,HOU,DB
Nate Matlack,LOU,DL
T.K. McLendon,LOU,DL
Khairi Manns,DC,DL
Leonard Payne,STL,DL
T.J. Smith,ORL,DL
Jalen White,HOU,RB
Baylor Cupp,ARL,TE
Shane Calhoun,STL,TE
Demone Harris,STL,DL
Jereme Robinson,LOU,DL
James Robinson,LOU,RB
Zach Davidson,LOU,TE
Tyler Hudson,LOU,WR
Christian McCarroll,DC,DL
LaVonta Bentley,STL,LB
Celestin Haba,COL,DL
Harrison Frost,STL,QB
Antwan Davis,COL,DL
Jesse Johnson III,BHM,DB
N'Kosi Perry,LOU,QB
Kevin Strong Jr.,ARL,DL
Matthew Foster,DC,OL
Tony Fields II,CLB,LB
Gilber Edmond,HOU,DL
Ian Wheeler,LOU,RB
Steven McBride,STL,WR
Christophe Atkinson,STL,OL
Travis Martin,LOU,DB
Macklin Ayers,DC,LB
Matt Harmon,HOU,DL
Zy Alexander,HOU,DB
Kobe Hudson,HOU,WR
Mike McAllister,LOU,OL
Antonio Grier Jr.,LOU,LB
Jordan Polk,LOU,DB
Wisdom Quarshie,CLB,OL
Lucky Jackson,LOU,WR
Julian Hicks,HOU,WR
Devonta Davis,DC,DL
Teldrick Ross,LOU,DB
Marquis Waters,LOU,DB
O'Donnell Fortune,CLB,DB
Jalen Moreno-Cropper,HOU,WR
Aidan Sayin,CLB,QB
Roman Parodie,HOU,DB
Cam McDonald,CLB,TE
Bryce Hall,LOU,DB
Trey Wedig,DC,OL
Nick Kubitz,LOU,LB
Erik Ezukanma,DC,WR
Kenny Dyson,HOU,DL
Rahjai Harris,STL,RB
Preston Wilson,BHM,OL
Joey Lombard,BHM,OL
Antwane Wells,CLB,WR
Adam Plant Jr.,CLB,DL
Armani Rogers,HOU,TE
John Ross,BHAM,WR
Hank Bachmeier,ORL,QB
LaColby Tucker,DC,OL
Chantz Williams,DAL,DL
Jake Camarda,COL,P
Ryan Coe,CLB,K
Solomon Kindley,DC,OL
Cam Gill,LOU,LB
Phillip Webb,BHM,DL
Derek Parish,DC,DL
Fred Thompkins,CLB,LB
Rashard Davis,CLB,WR
Michael Hiers,BHAM,QB
KJ Hamler,ORL,WR
Daniel Morrison,STL,LB
Michael Barrett,STL,LB
Carter Bell,LOU,WR
Tyler Nebelung,STL,OL
Konner Fox,ORL,TE
Tedi Kushi,HOU,OL
Michael Lawson,CLB,DB
Smoke Monday,COL,DB
Fatorma Mulbah,HOU,DL
John Campbell Jr.,HOU,OL
Tyler Davis,BHAM,TE
Casey Rogers,DC,DL
Sincere Haynesworth,STL,OL
Steven Losoya III,DC,OL
Shawn Bowman,ORL,TE
Bryce Benhart,ORL,OL
Chris Chernak Jr.,BHM,OL
Isaac Ukwu,BHAM,DL
Domenique Davis,ARL,DL
Fabien Lovett,ORL,DL
Elijah Dotson,ORL,RB
Kai Gray,DC,DB
Ja'Khi Douglas,DC,WR
Jude Wolfe,BHM,TE
Ryder Anderson,BHM,DL
Johnny Buchanan,BHM,LB
Jordan Silver,LOU,LS
Snoop Conner,BHAM,RB
Drake Stoops,ARL,WR
Kory Chapman,LOU,DB
Jabre Barber,BHAM,WR
Ricky Correia,BHAM,DL
Florian Bierbaumer,LOU,TE
Jaelyn Duncan,DC,OL
Shaun Wade,ARL,DB
Matt Jones,DAL,LB
Montrell Washington,DC,WR
Xazavian Valladay,DC,RB
Ekow Boye-Doe,DC,DB
Clarence Lewis,HOU,DB
Quinton Newsome,HOU,DB
Patrick Jenkins,CLB,DL
Ra'Mello Dotson,HOU,DB
Gabe Taylor,DC,DB
Brendan Hall,ARL,K
Maceo Beard-Aigret,DC,DB
B.J. Mayes,HOU,DB
Colton Theaker,ARL,K
Michael Tarquin,DC,OL
Azizi Hearn,DC,DB
Kyron Johnson,DC,LB
Glendon Miller,HOU,DB
Maliq Carr,DC,TE
Curtis Jacobs,DC,LB
Te'Rai Powell,ARL,DB
John Hoyland,HOU,K
LeRoy Watson,LOU,OL
Eugene Asante,HOU,LB
Marcus Major,HOU,RB
Jah Joyner,HOU,DL
Travis Bell,LOU,DL
Kole Taylor,DC,TE
Keegan Jones,DAL,RB
Caeleb Bass,HOU,TE
Xavier Carlton,LOU,DL
Jason Taylor II,ORL,DB
Tarik Black,LOU,WR
Benny Snell,LOU,RB
Jayden Peevy,ORL,DL
Mac Brown,LOU,P
R.J. Oben,LOU,DL
Jaheim Thomas,LOU,LB
Mike Novitsky,ARL,OL
Jack Browning,ORL,P
Tre' McKitty,LOU,TE
Raiqwon O'Neal,ARL,OL
Tanner Brown,LOU,K
Silas Bolden,DAL,WR
Kaden Prather,LOU,WR
Tramel Walthour,DAL,DL
Tremayne Anchrum Jr.,ARL,OL
Tra Fluellen,ARL,DB
Jalen McKenzie,HOU,OL
DaMarcus Mitchell,ARL,DL
Michael Lantz,ORL,K
Josh Minkins,ORL,DB
Peyton Hendershot,DAL,TE
Solomon Deshields,HOU,LB
Lyle Santos,ORL,OL
Josiah Ezirim,ARL,OL
Marcus Yarns,HOU,RB
Bobby Price,ARL,DB
Gareth Warren,HOU,OL
Deantre Prince,LOU,DB
Christopher Hinton,LOU,DL
Aron Cruickshank,ORL,WR
Mishael Powell,ORL,DB
Tre Stewart,ORL,RB
Jaylen Mahoney,ORL,DB
Allan George,ORL,DB
Deion Jennings,ORL,LB
Jordan Bly,ORL,WR
Christian Matthew,ORL,DB
Lamar Jackson,ORL,DB
Cam Camper,ORL,WR
Tucker McCann,STL,K
Mose Vavao,ORL,OL
Kelly Akharaiyi,STL,WR
Raymond Johnson III,STL,DL
Tre'Von Jones,CLB,DB
Abraham Beauplan,STL,LB
Michael Gonzalez,ORL,OL
Earl Bostick Jr.,LOU,OL
Nesta Jade Silvera,STL,DL
Thayer Thomas,STL,WR
Neil Farrell,STL,DL
Mike Edwards,ORL,OL
Kylin James,STL,RB
Jason Ivey,ORL,OL
Darien Butler,ORL,LB
Jha'Quan Jackson,STL,WR
Joey Fisher,ORL,OL
Jasheen Davis,ORL,DL
Tyler Neville,STL,TE
Easop Winston Jr.,CLB,WR
Matthew Hembrough,STL,LS
Payton Bunch,CLB,LS
Ryan Sanborn,STL,P
Pheldarius Payne,ORL,DL
Marcus Barnes,COL,DB
Cam Smith,CLB,DB
Roc Taylor,CLB,WR
Corey Stewart,STL,OL
J.B. Brown,COL,LB
Jarrod Hufford,STL,OL
Javion Cohen,STL,OL
Michael Dwumfour,STL,DL
Chris Glaser,CLB,OL
Tyreik McAllister,COL,RB
Bless Harris,CLB,OL
Matthew Jones,COL,OL
Tay Martin,CLB,WR
Richard Gouraige,STL,OL
Luq Barcoo,STL,DB
Caleb Jones,COL,OL
Ryan Cooper,BHAM,DB
Omar Jarvis Jr.,BHM,DB
Hudson Clark,BHAM,DB
Davion Ross,BHAM,DB
Shaquan Loyal,BHAM,DB
Alex Cook,BHAM,DB
Cam Echols-Luper,BHM,WR
Nate Noel,BHM,RB
Justyn Ross,BHAM,WR
DaRon Gilbert,BHAM,LB
Laviska Shenault Jr.,BHAM,WR
Dyontae Johnson,BHAM,LB
Jackson Carman,BHAM,OL
Andrew Raym,BHAM,OL
Tyrese Robinson,BHAM,OL
Elijhah Badger,ORL,WR
Daniel Grzesiak,LOU,DL
Brandon Smith,DC,LB
Siaki Ika,ARL,DL
Gottlieb Ayedze,HOU,OL
Jailin Walker,CLB,LB
Taylor Elgersma,BHAM,QB
Desmond Little,BHM,DL
Austin Reed,ARL,QB
Jason Bean,LOU,QB
Dorian Thompson-Robinson,ORL,QB
Jack Plummer,ORL,QB
Ben Wooldridge,STL,QB
Michael Pratt,STL,QB
Chandler Rogers,LOU,QB
Hunter Dekkers,HOU,QB
Donovan Smith,BHAM,QB
Tyrion Davis-Price,BHAM,RB
Ellis Merriweather,ARL,RB
Keshawn Banks,ORL,DL
Shon Stephens,COL,DB
Mac McCain,STL,DB
Andrew Parker,ORL,LB
Kary Vincent Jr.,HOU,DB
Dominic Boyd,HOU,OL
Steve Linton,STL,DL
Sean Fresch,STL,DB
Micah Abraham,ORL,DB
Seth Williams,DC,WR
Micah Baskerville,DC,LB
Jalen Morton,CLB,QB
Isaiah Buggs,ORL,DL
Kalen DeLoach,ARL,LB
Taylor Stallworth,STL,DL
DeVere Levelston,LOU,DL
Andrew Dowell,ARL,LB
Steven Stilianos,ORL,TE
Tashawn Bower,ARL,DL
Jalen Jackson,LOU,RB
Lorenzo Lingard,ARL,RB
Israel Antwine,HOU,DL
Johari Branch,DC,OL
Javon Antonio,DC,WR
Lawrence Keys III,HOU,WR
Ryan Coll,STL,OL
Mekhi Garner,LOU,DB
Braylon Sanders,DC,WR
Charlie Thomas III,HOU,LB
Keenan Isaac,HOU,DB
Cornell Powell,DC,WR
Lonnie Phelps,HOU,DL
Steele Chambers,LOU,LB
Spencer Sanders,DC,QB
Mason Brooks,BHAM,OL
Keaton Sutherland,ARL,OL
J.D. DiRenzo,LOU,OL
Frank Darby,STL,WR
Kai Locksley,HOU,WR
Ron Stone Jr.,CLB,DL
Mario Goodrich,BHAM,DB
Eric Garror,LOU,DB
Jaydon Mickens,BHAM,WR
Leon O'Neal Jr.,DC,DB
Carlton Johnson,HOU,DB
Kellen Diesch,HOU,OL
Denzel Mims,ARL,WR
Sam Wiglusz,ORL,WR
Isaiah Coe,BHAM,DL
Lukas Denis,BHAM,DB
James Bostic,STL,WR
Isaiah Mack,ORL,DL
Avery Young,HOU,DB
Myles Sims,STL,DB
Jarveon Howard,STL,RB
Bradley Ashmore,STL,OL
Nate Meadors,ORL,DB
Olakunle Fatukasi,BHAM,LB
Kobe Jones,BHAM,LB
Rashard Lawrence,HOU,DL
Greg Ward,ARL,WR
Ikenna Enechukwu,HOU,DL
Willie Tyler III,LOU,OL
Zuri Henry,ORL,OL
Henry Black,CLB,DB
Tariq Carpenter,STL,LB
Jashaun Corbin,ORL,RB
Chris Steele,ARL,DB
Tayler Hawkins,STL,DB
Michael Ojemudia,STL,DB
Mason Fairchild,DC,TE
Brian Abraham,DC,LB
Deon Jackson,DC,RB
Lynn Bowden Jr.,LOU,WR
Willie Drew Jr.,DC,DB
Devonnsha Maxwell,DC,DL
Tykeem Doss,DC,OL
Victor Curne,HOU,OL
Keith Russell Jr.,LOU,OL
Jaden Shirden,LOU,RB
Jaylon Moore,CLB,WR
Jalen Wydermyer,LOU,TE
D.J. Miller Jr.,CLB,DB
Akeem Dent,CLB,DB
Xavier Benson,CLB,LB
Marco Ortiz,HOU,LS
Samuel Jackson,ORL,OL
Eyabi Okie-Anoma,ARL,DL
T.J. Franklin,ARL,DL
Rayshad Williams,LOU,DB
Damon Arnette,HOU,DB
Armani Marsh,ARL,DB
Avery Jones,HOU,OL
Geor'Quarius Spivey,HOU,TE
Mike Rivers,HOU,P
Shawn Preston Jr.,COL,DB
Cam Sutton,HOU,TE
Eli Walker,HOU,DB
Keaton Ellis,LOU,DB
Chris Pierce Jr.,LOU,TE
Jaylon Allen,LOU,LB
Nash Jensen,LOU,OL
Lance Boykin,BHAM,DB
Izayah Green-May,BHAM,LB
Ravarius Rivers,ORL,DB
Nate Gilliam,LOU,OL
Kwamie Lassiter II,LOU,WR
Matt Farniok,CLB,OL
Steven Gilmore,BHAM,DB
Tre Norwood,BHAM,DB
Ilm Manning,STL,OL
Tae Crowder,BHAM,LB
Alex Akingbulu,ARL,OL
Kyon Barrs,HOU,DL
Luke Lehnen,ARL,QB
Curtis Hodges,ARL,TE
Spencer Rolland,STL,OL
Durrell Johnson,DC,LB
Chris Claybrooks,ORL,DB
Jerrod Clark,HOU,DL
Amani Bledsoe,BHAM,DL
Nehemiah Shelton,CLB,DB
Dee Anderson,ORL,WR
Jonathan Adams,LOU,WR
Josiah Bronson,LOU,DL
Maximilian Roberts,ORL,DL
Kyree Woods,CLB,DB
James Tunstall,LOU,OL
Anthony Butler,COL,LB
Daewood Davis,BHAM,WR
Alec Lindstrom,LOU,OL
Keke Chism,CLB,WR
Kirk Merritt,HOU,RB
Cam Carter,HOU,OL
Justin Hall,HOU,WR
Olive Sagapolu,COL,DL
Christopher Allen,HOU,LB
Brian Hightower,DAL,WR
Jack Kramer,HOU,OL
Kiondre Thomas,DC,DB
Emmanuel Butler,ARL,WR
Nolan Henderson,HOU,QB
Markel Roby,HOU,DB
Marvin Moody Jr.,HOU,LB
J.T. Tyler,ARL,LB
Jonathan Garibay,BHAM,K
Willie Taylor III,ARL,LB
Lujuan Winningham,HOU,WR
Seth Green,ARL,TE
Donald Payne,ARL,LB
Ajene Harris,ARL,DB
JaVonta Payton,LOU,WR
Myles Dorn,DAL,DB
Tyler Vaughns,ARL,WR
Noah Henderson,BHAM,OL
LaRon Stokes,LOU,DL
Dae Dae Hunter,ARL,RB
Luis Perez,ARL,QB
Antonio Ortiz,ARL,LS
Darrius Moragne,ARL,DL
Steven Jones Jr.,ARL,DB
Adrian Ealy,DC,OL
Isaiah Winstead,LOU,WR
Storey Jackson,CLB,LB
Marcus Minor,ARL,OL
Deontay Burnett,ARL,WR
Ferrod Gardner,DC,LB
Jordan Ta'amu,DC,QB
Chris Rowland,ORL,WR
Deandre Baker,DC,DB
Gareon Conley,DC,DB
Ty Scott,DC,WR
Mike DiLiello,DC,QB
Briley Moore,DC,TE
Zaquandre White,CLB,RB
Ben Bresnahan,DC,TE
Jarrid Williams,ORL,OL
Jalan McClendon,CLB,QB
Paxton Brooks,DC,P
Malik Fisher,HOU,DL
Anthony Hines III,HOU,LB
Deontay Anderson,DC,DB
Trae Barry,DC,TE
Sam Kidd,DC,DB
Matt McCrane,DC,K
Michael Maietti,DC,OL
Keke Coutee,DC,WR
Joe Wallace,DC,DL
Dennis Johnson,DC,DL
Derick Roberson,DC,DL
Abram Smith,DC,RB
Willie Yarbary,ORL,DL
Zack Johnson,BHAM,OL
Deon Cain,BHAM,WR
Matt Corral,BHAM,QB
Mark Gilbert,ORL,DB
Jordan Thomas,BHAM,TE
Marvin Wilson,BHM,DL
Daniel Isom,STL,DB
Taco Charlton,ARL,LB
Ryan Langan,BHAM,LS
Gary Jennings Jr.,STL,WR
Kenny Robinson Jr.,LOU,DB
JoJo Tillery,BHAM,DB
Colby Wadman,BHAM,P
Cole Schneider,ORL,OL
Nevelle Clarke,STL,DB
Armani Taylor-Prioleau,BHAM,OL
Kyahva Tezino,BHAM,LB
A.J. Thomas,STL,DB
Carlos Davis,STL,DL
Marlon Williams,BHAM,WR
Nate Brooks,STL,DB
Cohl Cabral,CLB,OL
Noah Dawkins,CLB,LB
Walter Palmore,CLB,DL
Chim Okorafor,DAL,OL
T.J. Carter,BHAM,DL
Nate McCrary,HOU,RB
Gunnar Oakes,CLB,TE
Noah Johnson,BHAM,OL
Toa Taua,CLB,RB
Kedrick Whitehead Jr.,CLB,DB
Jacob Burton,DAL,OL
Marcus Simms,BHM,WR
Dashaun White,ORL,LB
Ryan Nelson,CLB,OL
Devin Ross,CLB,WR
Kenny Willekes,CLB,DL
Delontae Scott,ORL,LB
Tavante Beckett,ORL,LB
Jontre Kirklin,HOU,WR
Alize Mack,CLB,TE
John Lovett,CLB,RB
Anthony McFarland Jr.,BHAM,RB
Bryce Thompson,DC,DB
Jacob Sykes,ORL,DL
Chuck Filiaga,CLB,OL
Jordan Williams,STL,LB
Jordan Mosley,STL,DB
Caeveon Patton,CLB,DL
Cameron Dantzler,LOU,DB
Aaron Monteiro,CLB,OL
Marquez Stevenson,ORL,WR
Justin Smith,STL,WR
Corey Mayfield Jr.,LOU,DB
Sam Tecklenburg,ARL,OL
Travis Feeney,STL,LB
Nico Bolden,HOU,DB
Chris Garrett,ORL,LB
Kevon Latulas,STL,RB
Juwann Bushell-Beatty,COL,OL
Jerome Kapp,ORL,WR
Alex Matheson,ORL,LS
Hakeem Butler,STL,WR
Teton Saltes,ORL,OL
Blake Jackson,STL,WR
T.J. Pesefea Jr.,ORL,DL
Antwuan Jackson Jr.,ARL,DL
Keylon Kennedy,STL,DB
Abdul Beecham,DAL,OL
Jahcour Pearson,STL,WR
Brandon Silvers,STL,QB
Kameron Kelly,STL,DB
Pita Taumoepenu,STL,LB
Dohnovan West,HOU,OL
Brandon Sebastian,ORL,DB
Freedom Akinmoladun,STL,OL
Qwynnterrio Cole,ARL,DB
Mike Panasiuk,STL,OL
