play_number,play_description,date,stadium,home_team,away_team,home_score,away_score,offense_score,defense_score,quarter,minutes,seconds,home_timeouts,away_timeouts,timeout_1,timeout_team_1,los,yards_to_score,down,distance,offense,defense,pass_play,run_play,no_play,challenge_or_review,challenge_or_review_result,backwards_pass,lateral,passer,passer_name,passer_id,dropback,attempt,spiked_ball,pass_location,complete,incomplete,passing_yards,passing_touchdown,intercepted,interception_touchdown,target,reception,receiver,receiver_name,receiver_id,sack,rush_attempt,rusher,runner_name,runner_id,scramble,kneel_down,rushing_yards,rushing_touchdown,rush_location,fumble,down_by_contact,fumble_player_1,fumble_player_1_name,fumble_player_1_id,fumble_1_team,fumble_1_out_of_bounds,own_recovery_1,own_recovery_player_1,own_recovery_player_1_name,own_recovery_player_1_id,own_recovery_player_1_team,own_recovery_1_yards,fumble_lost_1,fumble_lost_player_1,fumble_lost_player_1_name,fumble_lost_player_1_id,fumble_lost_player_1_team,opponent_recovery_1,opponent_recovery_player_1,opponent_recovery_player_1_name,opponent_recovery_player_1_id,opponent_recovery_player_1_team,fumble_recovery_touchdown_1,fumble_recovery_touchdown_1_team,safety,safety_team,penalty_offset,enforced_between_downs,penalty,penalty_declined,penalty_team,penalty_player,penalty_player_name,penalty_player_id,penalty_yards,false_start,too_many_men_on_field,illegal_substitution,delay_of_game,delay_of_kickoff,unnecessary_roughness,disqualification,face_mask,unsportsmanlike_conduct,taunting,illegal_shift,illegal_crackback,low_block,chop_block,illegal_double-team_block,illegal_blindside_block,illegal_motion,illegal_block_above_the_waist,tripping,illegal_forward_pass,illegal_touch_pass,illegal_formation,lowering_the_head_to_initiate_contact,intentional_grounding,clipping,ineligible_downfield_pass,illegal_use_of_hands,offensive_holding,offensive_pass_interference,defensive_holding,defensive_pass_interference,defensive_offside,encroachment,neutral_zone_infraction,roughing_the_passer,illegal_contact,horse_collar_tackle,illegal_bat,offside_on_free_kick,illegal_touch,player_out_of_bounds_on_kick,kick_catch_interference,fair_catch_interference,running_into_the_kicker,roughing_the_kicker,kick_formation_penalty,leverage,illegal_wedge,ineligible_downfield_kick,illegal_touch_kick,kickoff,kicking_team,receiving_team,kicker,kicker_name,kicker_id,touchback,kickoff_out_of_bounds,kickoff_in_endzone,kickoff_inside_20,kickoff_downed,kickoff_fair_caught,kick_return,kick_returner,kick_returner_name,kick_returner_id,kick_return_touchdown,onside_kick,onside_kick_recovery,onside_kick_recovery_player,onside_kick_recovery_player_name,onside_kick_recovery_player_id,punt,punter,punter_name,punter_id,punt_touchback,punt_out_of_bounds,punt_inside_20,punt_endzone,punt_downed,punt_fair_catch,punt_return,punt_returner,punt_returner_name,punt_returner_id,punt_return_touchdown,punt_muffed,punt_blocked,punt_blocked_player,punt_blocked_player_name,punt_blocked_player_id,blocked_out_of_bounds_in_end_zone,field_goal,field_goal_made,field_goal_kicker,field_goal_kicker_name,field_goal_kicker_id,field_goal_distance,field_goal_blocked,field_goal_blocked_player,field_goal_blocked_player_name,field_goal_blocked_player_id,blocked_field_goal_recovery,field_goal_recovery_player,field_goal_recovery_player_name,field_goal_recovery_player_id,field_goal_recovery_team,block_field_goal_touchdown,field_goal_return,field_goal_return_player,field_goal_return_player_name,field_goal_return_player_id,field_goal_return_TD,1-pt,1-pt Succes,one point rush att,1pt Rusher,1pt Rusher Name,1pt Rusher ID,1point pass att,1PT Passer,1pt Passer Name,1pt Passer ID,1PT Rec,1pt Rec Name,1pt REc ID,two_point_att,two_point_att_succeeds,two_point_rush_att,two_point_rusher,two_point_rusher_name,two_point_rusher_id,two_point_pass_att,two_point_passer,two_point_passer_name,two_point_passer_id,two_point_receiver,two_point_receiver_name,two_point_receiver_id,defensive_two_point,defensive_two_point_att_succeeds,defensive_two_point_att_player,defensive_two_point_att_player_name,defensive_two_point_att_player_id,three_point_att,three_point_att_succeeds,three_point_rush_att,three_point_rusher,three_point_rusher_name,three_point_rusher_id,three_point_pass_att,three_point_passer,three_point_passer_name,three_point_passer_id,three_point_receiver,three_point_receiver_name,three_point_receiver_id,OT_att,OT_succeeds,OT_rush_att,OT_rusher,OT_rusher_name,OT_rusher_id,OT_pass_att,OT_passer,OT_passer_name,OT_passer_id,OT_receiver,OT_receiver_name,OT_receiver_id
0,,4/12/2026,The Dome at America's Center,STL,BHM,0,0,,,,,,,,,,,,,,,,0,0,0,,,0,0,,,,0,0,,,0,0,,0,0,0,0,0,,,,0,0,,,,0,0,,0,,0,,,,,,0,0,,,,,,0,,,,,0,,,,,0,,0,,,,0,0,,,,,,,,,,,,,,,,,,,,,,,,,,,,,,,,,,,,,,,,,,,,,,,,,,,,,,,,0,,,,,,0,0,,,,,0,,,,0,0,,,,,0,,,,0,0,0,0,0,0,0,,,,0,0,0,,,,,0,0,,,,,0,,,,,,,,,0,0,,,,0,0,0,0,,,,0,,,,,,,0,0,0,,,,0,,,,,,,0,0,,,,0,0,0,,,,0,,,,,,,,,,,,,,,,,,,
1,J.Garibay kicks 63 yards from BHM 30 to the STL 7. K.Latulas returns the kickoff. Pushed out of bounds by H.Clark at STL 34.,4/12/2026,The Dome at America's Center,STL,BHM,0,0,,,1,15,0,,,,,BHM 30,30,,,,,0,0,0,,,0,0,,,,0,0,,,0,0,,0,0,0,0,0,,,,0,0,,,,0,0,,0,,0,,,,,,0,0,,,,,,0,,,,,0,,,,,0,,0,,,,0,0,,,,,,,,,,,,,,,,,,,,,,,,,,,,,,,,,,,,,,,,,,,,,,,,,,,,,,,,1,BHM,STL,J.Garibay,Jonathan Garibay,J.Garibay BHM,0,1,,,,,1,K.Latulas,Kevon Latulas,K.Latulas STL,0,0,,,,,0,,,,0,0,0,0,0,0,0,,,,0,0,0,,,,,0,0,,,,,0,,,,,,,,,0,0,,,,0,0,0,0,,,,0,,,,,,,0,0,0,,,,0,,,,,,,0,0,,,,0,0,0,,,,0,,,,,,,,,,,,,,,,,,,
2,J.Howard rushed right guard for 4 yards. Tackled by A.Bledsoe; K.Tezino at STL 38.,4/12/2026,The Dome at America's Center,STL,BHM,0,0,0,0,1,14,56,,,,,STL 34,66,1,10,STL,BHM,0,1,0,,,0,0,,,,0,0,,,0,0,,0,0,0,0,0,,,,0,1,J.Howard,Jarveon Howard,J.Howard STL,0,0,4,0,Right Guard,0,,,,,,0,0,,,,,,0,,,,,0,,,,,0,,0,,,,0,0,,,,,,,,,,,,,,,,,,,,,,,,,,,,,,,,,,,,,,,,,,,,,,,,,,,,,,,,0,,,,,,0,0,,,,,0,,,,0,0,,,,,0,,,,0,0,0,0,0,0,0,,,,0,0,0,,,,,0,0,,,,,0,,,,,,,,,0,0,,,,0,0,0,0,,,,0,,,,,,,0,0,0,,,,0,,,,,,,0,0,,,,0,0,0,,,,0,,,,,,,,,,,,,,,,,,,
3,J.Howard rushed up the middle for 4 yards. Tackled by K.Tezino at STL 41.,4/12/2026,The Dome at America's Center,STL,BHM,0,0,0,0,1,14,21,,,,,STL 37,63,2,7,STL,BHM,0,1,0,,,0,0,,,,0,0,,,0,0,,0,0,0,0,0,,,,0,1,J.Howard,Jarveon Howard,J.Howard STL,0,0,4,0,Middle,0,,,,,,0,0,,,,,,0,,,,,0,,,,,0,,0,,,,0,0,,,,,,,,,,,,,,,,,,,,,,,,,,,,,,,,,,,,,,,,,,,,,,,,,,,,,,,,0,,,,,,0,0,,,,,0,,,,0,0,,,,,0,,,,0,0,0,0,0,0,0,,,,0,0,0,,,,,0,0,,,,,0,,,,,,,,,0,0,,,,0,0,0,0,,,,0,,,,,,,0,0,0,,,,0,,,,,,,0,0,,,,0,0,0,,,,0,,,,,,,,,,,,,,,,,,,
4,B.Silvers steps back to pass. Pass incomplete deep left intended for H.Butler.,4/12/2026,The Dome at America's Center,STL,BHM,0,0,0,0,1,13,44,,,,,STL 41,59,3,3,STL,BHM,1,0,0,,,0,0,B.Silvers,Brandon Silvers,B.Silvers STL,1,1,,,0,1,,0,0,0,1,0,H.Butler,Hakeem Butler,H.Butler STL,0,0,,,,0,0,,0,,0,,,,,,0,0,,,,,,0,,,,,0,,,,,0,,0,,,,0,0,,,,,,,,,,,,,,,,,,,,,,,,,,,,,,,,,,,,,,,,,,,,,,,,,,,,,,,,0,,,,,,0,0,,,,,0,,,,0,0,,,,,0,,,,0,0,0,0,0,0,0,,,,0,0,0,,,,,0,0,,,,,0,,,,,,,,,0,0,,,,0,0,0,0,,,,0,,,,,,,0,0,0,,,,0,,,,,,,0,0,,,,0,0,0,,,,0,,,,,,,,,,,,,,,,,,,
5,"R.Sanborn punts 55 yards to BHM 4, Center-M.Hembrough. L.Shenault returned punt from the BHM 4. Tackled by T.Neville at BHM 22. PENALTY on BHM-BHM, Defensive Holding, 10 yards, accepted.",4/12/2026,The Dome at America's Center,STL,BHM,0,0,0,0,1,13,12,,,,,STL 41,59,4,3,STL,BHM,0,0,0,,,0,0,,,,0,0,,,0,0,,0,0,0,0,0,,,,0,0,,,,0,0,,0,,0,,,,,,0,0,,,,,,0,,,,,0,,,,,0,,0,,,,0,0,,,,,,,,,,,,,,,,,,,,,,,,,,,,,,,,,,,,,,,,,,,,,,,,,,,,,,,,0,,,,,,0,0,,,,,0,,,,0,0,,,,,1,R.Sanborn,Ryan Sanborn,R.Sanborn STL,0,0,0,0,0,0,0,,,,0,0,0,,,,,0,0,,,,,0,,,,,,,,,0,0,,,,0,0,0,0,,,,0,,,,,,,0,0,0,,,,0,,,,,,,0,0,,,,0,0,0,,,,0,,,,,,,,,,,,,,,,,,,
6,A.McFarland rushed left guard for 2 yards. Tackled by C.Davis at BHM 5.,4/12/2026,The Dome at America's Center,STL,BHM,0,0,0,0,1,12,59,,,,,BHM 3,97,1,10,BHM,STL,0,1,0,,,0,0,,,,0,0,,,0,0,,0,0,0,0,0,,,,0,1,A.McFarland,Anthony McFarland Jr.,A.McFarland BHM,0,0,2,0,Left Guard,0,,,,,,0,0,,,,,,0,,,,,0,,,,,0,,0,,,,0,0,,,,,,,,,,,,,,,,,,,,,,,,,,,,,,,,,,,,,,,,,,,,,,,,,,,,,,,,0,,,,,,0,0,,,,,0,,,,0,0,,,,,0,,,,0,0,0,0,0,0,0,,,,0,0,0,,,,,0,0,,,,,0,,,,,,,,,0,0,,,,0,0,0,0,,,,0,,,,,,,0,0,0,,,,0,,,,,,,0,0,,,,0,0,0,,,,0,,,,,,,,,,,,,,,,,,,
7,M.Corral pass short right INTERCEPTED at BHM 10. Intercepted by J.Williams at BHM 10. TOUCHDOWN.,4/12/2026,The Dome at America's Center,STL,BHM,6,0,0,6,1,12,25,,,,,BHM 5,95,2,8,BHM,STL,1,0,0,,,0,0,M.Corral,Matt Corral,M.Corral BHM,1,1,,Short Right,0,0,,0,1,1,0,0,,,,0,0,,,,0,0,,0,,0,,,,,,0,0,,,,,,0,,,,,0,,,,,0,,0,,,,0,0,,,,,,,,,,,,,,,,,,,,,,,,,,,,,,,,,,,,,,,,,,,,,,,,,,,,,,,,0,,,,,,0,0,,,,,0,,,,0,0,,,,,0,,,,0,0,0,0,0,0,0,,,,0,0,0,,,,,0,0,,,,,0,,,,,,,,,0,0,,,,0,0,0,0,,,,0,,,,,,,0,0,0,,,,0,,,,,,,0,0,,,,0,0,0,,,,0,,,,,,,,,,,,,,,,,,,
8,T.McCann extra point is good.,4/12/2026,The Dome at America's Center,STL,BHM,7,0,7,0,1,12,19,,,,,BHM 15,15,,,STL,BHM,0,0,0,,,0,0,,,,0,0,,,0,0,,0,0,0,0,0,,,,0,0,,,,0,0,,0,,0,,,,,,0,0,,,,,,0,,,,,0,,,,,0,,0,,,,0,0,,,,,,,,,,,,,,,,,,,,,,,,,,,,,,,,,,,,,,,,,,,,,,,,,,,,,,,,0,STL,,,,,0,0,,,,,0,,,,0,0,,,,,0,,,,0,0,0,0,0,0,0,,,,0,0,0,,,,,0,0,,,,,0,,,,,,,,,0,0,,,,0,1,1,0,,,,0,,,,,,,0,0,0,,,,0,,,,,,,0,0,,,,0,0,0,,,,0,,,,,,,,,,,,,,,,,,,
9,R.Sanborn kicks 68 yards from STL 30 to the BHM 2. L.Shenault returns the kickoff. Tackled by R.Sanborn; A.Thomas at BHM 30.,4/12/2026,The Dome at America's Center,STL,BHM,7,0,,,1,12,19,,,,,STL 30,30,,,,,0,0,0,,,0,0,,,,0,0,,,0,0,,0,0,0,0,0,,,,0,0,,,,0,0,,0,,0,,,,,,0,0,,,,,,0,,,,,0,,,,,0,,0,,,,0,0,,,,,,,,,,,,,,,,,,,,,,,,,,,,,,,,,,,,,,,,,,,,,,,,,,,,,,,,1,STL,BHM,R.Sanborn,Ryan Sanborn,R.Sanborn STL,0,0,,,,,1,L.Shenault,Laviska Shenault Jr.,L.Shenault BHM,0,0,,,,,0,,,,0,0,0,0,0,0,0,,,,0,0,0,,,,,0,0,,,,,0,,,,,,,,,0,0,,,,0,0,0,0,,,,0,,,,,,,0,0,0,,,,0,,,,,,,0,0,,,,0,0,0,,,,0,,,,,,,,,,,,,,,,,,,
10,A.McFarland rushed left end for 7 yards. Tackled by T.Hawkins at BHM 37.,4/12/2026,The Dome at America's Center,STL,BHM,7,0,0,7,1,12,14,,,,,BHM 30,70,1,10,BHM,STL,0,1,0,,,0,0,,,,0,0,,,0,0,,0,0,0,0,0,,,,0,1,A.McFarland,Anthony McFarland Jr.,A.McFarland BHM,0,0,7,0,Left End,0,,,,,,0,0,,,,,,0,,,,,0,,,,,0,,0,,,,0,0,,,,,,,,,,,,,,,,,,,,,,,,,,,,,,,,,,,,,,,,,,,,,,,,,,,,,,,,0,,,,,,0,0,,,,,0,,,,0,0,,,,,0,,,,0,0,0,0,0,0,0,,,,0,0,0,,,,,0,0,,,,,0,,,,,,,,,0,0,,,,0,0,0,0,,,,0,,,,,,,0,0,0,,,,0,,,,,,,0,0,,,,0,0,0,,,,0,,,,,,,,,,,,,,,,,,,
11,M.Corral pass short left complete. Catch made by J.Ross for 10 yards. Tackled by A.Thomas; N.Clarke at BHM 47.,4/12/2026,The Dome at America's Center,STL,BHM,7,0,0,7,1,11,40,,,,,BHM 37,63,2,3,BHM,STL,1,0,0,,,0,0,M.Corral,Matt Corral,M.Corral BHM,1,1,,Short Left,1,0,10,0,0,0,1,1,J.Ross,Justyn Ross,J.Ross BHM,0,0,,,,0,0,,0,,0,,,,,,0,0,,,,,,0,,,,,0,,,,,0,,0,,,,0,0,,,,,,,,,,,,,,,,,,,,,,,,,,,,,,,,,,,,,,,,,,,,,,,,,,,,,,,,0,,,,,,0,0,,,,,0,,,,0,0,,,,,0,,,,0,0,0,0,0,0,0,,,,0,0,0,,,,,0,0,,,,,0,,,,,,,,,0,0,,,,0,0,0,0,,,,0,,,,,,,0,0,0,,,,0,,,,,,,0,0,,,,0,0,0,,,,0,,,,,,,,,,,,,,,,,,,
12,"M.Corral rushed up the middle for -2 yards. Tackled by S.Linton, N.Farrell at BHM 45.",4/12/2026,The Dome at America's Center,STL,BHM,7,0,0,7,1,11,10,,,,,BHM 47,53,1,10,BHM,STL,0,1,0,,,0,0,,,,0,0,,,0,0,,0,0,0,0,0,,,,0,1,M.Corral,Matt Corral,M.Corral BHM,0,0,-2,0,Middle,0,,,,,,0,0,,,,,,0,,,,,0,,,,,0,,0,,,,0,0,,,,,,,,,,,,,,,,,,,,,,,,,,,,,,,,,,,,,,,,,,,,,,,,,,,,,,,,0,,,,,,0,0,,,,,0,,,,0,0,,,,,0,,,,0,0,0,0,0,0,0,,,,0,0,0,,,,,0,0,,,,,0,,,,,,,,,0,0,,,,0,0,0,0,,,,0,,,,,,,0,0,0,,,,0,,,,,,,0,0,,,,0,0,0,,,,0,,,,,,,,,,,,,,,,,,,
13,M.Corral pass short right complete. Catch made by T.Davis for 1 yards. Tackled by T.Hawkins at BHM 46.,4/12/2026,The Dome at America's Center,STL,BHM,7,0,0,7,1,10,36,,,,,BHM 45,55,2,12,BHM,STL,1,0,0,,,0,0,M.Corral,Matt Corral,M.Corral BHM,1,1,,Short Right,1,0,1,0,0,0,1,1,T.Davis,Tyler Davis,T.Davis BHM,0,0,,,,0,0,,0,,0,,,,,,0,0,,,,,,0,,,,,0,,,,,0,,0,,,,0,0,,,,,,,,,,,,,,,,,,,,,,,,,,,,,,,,,,,,,,,,,,,,,,,,,,,,,,,,0,,,,,,0,0,,,,,0,,,,0,0,,,,,0,,,,0,0,0,0,0,0,0,,,,0,0,0,,,,,0,0,,,,,0,,,,,,,,,0,0,,,,0,0,0,0,,,,0,,,,,,,0,0,0,,,,0,,,,,,,0,0,,,,0,0,0,,,,0,,,,,,,,,,,,,,,,,,,
14,M.Corral steps back to pass. Pass incomplete short right intended for J.Ross.,4/12/2026,The Dome at America's Center,STL,BHM,7,0,0,7,1,10,2,,,,,BHM 46,54,3,11,BHM,STL,1,0,0,,,0,0,M.Corral,Matt Corral,M.Corral BHM,1,1,,,0,1,,0,0,0,1,0,J.Ross,Justyn Ross,J.Ross BHM,0,0,,,,0,0,,0,,0,,,,,,0,0,,,,,,0,,,,,0,,,,,0,,0,,,,0,0,,,,,,,,,,,,,,,,,,,,,,,,,,,,,,,,,,,,,,,,,,,,,,,,,,,,,,,,0,,,,,,0,0,,,,,0,,,,0,0,,,,,0,,,,0,0,0,0,0,0,0,,,,0,0,0,,,,,0,0,,,,,0,,,,,,,,,0,0,,,,0,0,0,0,,,,0,,,,,,,0,0,0,,,,0,,,,,,,0,0,,,,0,0,0,,,,0,,,,,,,,,,,,,,,,,,,
15,"C.Wadman punts 46 yards to STL 8, Center-R.Langan. S.Fresch returned punt from the STL 8. Tackled by K.Tezino, T.Davis at STL 21.",4/12/2026,The Dome at America's Center,STL,BHM,7,0,0,7,1,9,25,,,,,BHM 46,54,4,11,BHM,STL,0,0,0,,,0,0,,,,0,0,,,0,0,,0,0,0,0,0,,,,0,0,,,,0,0,,0,,0,,,,,,0,0,,,,,,0,,,,,0,,,,,0,,0,,,,0,0,,,,,,,,,,,,,,,,,,,,,,,,,,,,,,,,,,,,,,,,,,,,,,,,,,,,,,,,0,,,,,,0,0,,,,,0,,,,0,0,,,,,1,C.Wadman,Colby Wadman,C.Wadman BHM,0,0,0,0,0,0,0,,,,0,0,0,,,,,0,0,,,,,0,,,,,,,,,0,0,,,,0,0,0,0,,,,0,,,,,,,0,0,0,,,,0,,,,,,,0,0,,,,0,0,0,,,,0,,,,,,,,,,,,,,,,,,,
16,K.Latulas rushed right end for 5 yards. Tackled by K.Tezino at STL 26.,4/12/2026,The Dome at America's Center,STL,BHM,7,0,7,0,1,9,12,,,,,STL 21,79,1,10,STL,BHM,0,1,0,,,0,0,,,,0,0,,,0,0,,0,0,0,0,0,,,,0,1,K.Latulas,Kevon Latulas,K.Latulas STL,0,0,5,0,Right End,0,,,,,,0,0,,,,,,0,,,,,0,,,,,0,,0,,,,0,0,,,,,,,,,,,,,,,,,,,,,,,,,,,,,,,,,,,,,,,,,,,,,,,,,,,,,,,,0,,,,,,0,0,,,,,0,,,,0,0,,,,,0,,,,0,0,0,0,0,0,0,,,,0,0,0,,,,,0,0,,,,,0,,,,,,,,,0,0,,,,0,0,0,0,,,,0,,,,,,,0,0,0,,,,0,,,,,,,0,0,,,,0,0,0,,,,0,,,,,,,,,,,,,,,,,,,
17,K.Latulas rushed right tackle for 0 yards. Tackled by T.Crowder at STL 26.,4/12/2026,The Dome at America's Center,STL,BHM,7,0,7,0,1,8,39,,,,,STL 26,74,2,5,STL,BHM,0,1,0,,,0,0,,,,0,0,,,0,0,,0,0,0,0,0,,,,0,1,K.Latulas,Kevon Latulas,K.Latulas STL,0,0,0,0,Right Tackle,0,,,,,,0,0,,,,,,0,,,,,0,,,,,0,,0,,,,0,0,,,,,,,,,,,,,,,,,,,,,,,,,,,,,,,,,,,,,,,,,,,,,,,,,,,,,,,,0,,,,,,0,0,,,,,0,,,,0,0,,,,,0,,,,0,0,0,0,0,0,0,,,,0,0,0,,,,,0,0,,,,,0,,,,,,,,,0,0,,,,0,0,0,0,,,,0,,,,,,,0,0,0,,,,0,,,,,,,0,0,,,,0,0,0,,,,0,,,,,,,,,,,,,,,,,,,
18,B.Silvers steps back to pass. Pass incomplete short right intended for S.McBride [K.Jones].,4/12/2026,The Dome at America's Center,STL,BHM,7,0,7,0,1,8,2,,,,,STL 26,74,3,5,STL,BHM,1,0,0,,,0,0,B.Silvers,Brandon Silvers,B.Silvers STL,1,1,,,0,1,,0,0,0,1,0,S.McBride,Steven McBride,S.McBride STL,0,0,,,,0,0,,0,,0,,,,,,0,0,,,,,,0,,,,,0,,,,,0,,0,,,,0,0,,,,,,,,,,,,,,,,,,,,,,,,,,,,,,,,,,,,,,,,,,,,,,,,,,,,,,,,0,,,,,,0,0,,,,,0,,,,0,0,,,,,0,,,,0,0,0,0,0,0,0,,,,0,0,0,,,,,0,0,,,,,0,,,,,,,,,0,0,,,,0,0,0,0,,,,0,,,,,,,0,0,0,,,,0,,,,,,,0,0,,,,0,0,0,,,,0,,,,,,,,,,,,,,,,,,,
19,"R.Sanborn punts 54 yards to BHM 20, Center-M.Hembrough. J.Barber returned punt from the BHM 20. Tackled by K.Latulas; T.Neville at BHM 32.",4/12/2026,The Dome at America's Center,STL,BHM,7,0,7,0,1,7,26,,,,,STL 26,74,4,5,STL,BHM,0,0,0,,,0,0,,,,0,0,,,0,0,,0,0,0,0,0,,,,0,0,,,,0,0,,0,,0,,,,,,0,0,,,,,,0,,,,,0,,,,,0,,0,,,,0,0,,,,,,,,,,,,,,,,,,,,,,,,,,,,,,,,,,,,,,,,,,,,,,,,,,,,,,,,0,,,,,,0,0,,,,,0,,,,0,0,,,,,1,R.Sanborn,Ryan Sanborn,R.Sanborn STL,0,0,0,0,0,0,0,,,,0,0,0,,,,,0,0,,,,,0,,,,,,,,,0,0,,,,0,0,0,0,,,,0,,,,,,,0,0,0,,,,0,,,,,,,0,0,,,,0,0,0,,,,0,,,,,,,,,,,,,,,,,,,
20,"S.Conner rushed up the middle for 8 yards. Tackled by A.Thomas, T.Hawkins at BHM 40.",4/12/2026,The Dome at America's Center,STL,BHM,7,0,0,7,1,7,12,,,,,BHM 32,68,1,10,BHM,STL,0,1,0,,,0,0,,,,0,0,,,0,0,,0,0,0,0,0,,,,0,1,S.Conner,Snoop Conner,S.Conner BHM,0,0,8,0,Middle,0,,,,,,0,0,,,,,,0,,,,,0,,,,,0,,0,,,,0,0,,,,,,,,,,,,,,,,,,,,,,,,,,,,,,,,,,,,,,,,,,,,,,,,,,,,,,,,0,,,,,,0,0,,,,,0,,,,0,0,,,,,0,,,,0,0,0,0,0,0,0,,,,0,0,0,,,,,0,0,,,,,0,,,,,,,,,0,0,,,,0,0,0,0,,,,0,,,,,,,0,0,0,,,,0,,,,,,,0,0,,,,0,0,0,,,,0,,,,,,,,,,,,,,,,,,,
21,"M.Corral pass deep left INTERCEPTED at STL 35. Intercepted by N.Clarke at STL 35. Tackled by N.Henderson at STL 36. PENALTY on STL-D.Isom, Offensive Illegal Block Above the Waist, 10 yards, accepted.",4/12/2026,The Dome at America's Center,STL,BHM,7,0,0,7,1,6,38,,,,,BHM 40,60,2,2,BHM,STL,1,0,0,,,0,0,M.Corral,Matt Corral,M.Corral BHM,1,1,,Deep Left,0,0,,0,1,0,0,0,,,,0,0,,,,0,0,,0,,0,,,,,,0,0,,,,,,0,,,,,0,,,,,0,,0,,,,1,0,STL,D.Isom,Daniel Isom,D.Isom STL,10,,,,,,,,,,,,,,,,,,,,,,,,,,,,,,,,,,,,,,,,,,,,,,,,,,,0,,,,,,0,0,,,,,0,,,,0,0,,,,,0,,,,0,0,0,0,0,0,0,,,,0,0,0,,,,,0,0,,,,,0,,,,,,,,,0,0,,,,0,0,0,0,,,,0,,,,,,,0,0,0,,,,0,,,,,,,0,0,,,,0,0,0,,,,0,,,,,,,,,,,,,,,,,,,
22,"R.Harris rushed right end for -3 yards. Tackled by I.Green-May, A.Bledsoe at STL 23.",4/12/2026,The Dome at America's Center,STL,BHM,7,0,7,0,1,6,26,,,,,STL 26,74,1,10,STL,BHM,0,1,0,,,0,0,,,,0,0,,,0,0,,0,0,0,0,0,,,,0,1,R.Harris,Rahjai Harris,R.Harris STL,0,0,-3,0,Right End,0,,,,,,0,0,,,,,,0,,,,,0,,,,,0,,0,,,,0,0,,,,,,,,,,,,,,,,,,,,,,,,,,,,,,,,,,,,,,,,,,,,,,,,,,,,,,,,0,,,,,,0,0,,,,,0,,,,0,0,,,,,0,,,,0,0,0,0,0,0,0,,,,0,0,0,,,,,0,0,,,,,0,,,,,,,,,0,0,,,,0,0,0,0,,,,0,,,,,,,0,0,0,,,,0,,,,,,,0,0,,,,0,0,0,,,,0,,,,,,,,,,,,,,,,,,,
23,"B.Silvers steps back to pass. Pass incomplete deep right intended for S.McBride. PENALTY on BHM-S.Gilmore, Defensive Pass Interference, 22 yards, accepted. No Play.",4/12/2026,The Dome at America's Center,STL,BHM,7,0,7,0,1,5,53,,,,,STL 23,77,2,13,STL,BHM,1,0,1,,,0,0,B.Silvers,Brandon Silvers,B.Silvers STL,1,1,,,0,1,,0,0,0,1,0,S.McBride,Steven McBride,S.McBride STL,0,0,,,,0,0,,0,,0,,,,,,0,0,,,,,,0,,,,,0,,,,,0,,0,,,,1,0,BHM,S.Gilmore,Steven Gilmore,S.Gilmore BHM,22,,,,,,,,,,,,,,,,,,,,,,,,,,,,,,,1,,,,,,,,,,,,,,,,,,,,0,,,,,,0,0,,,,,0,,,,0,0,,,,,0,,,,0,0,0,0,0,0,0,,,,0,0,0,,,,,0,0,,,,,0,,,,,,,,,0,0,,,,0,0,0,0,,,,0,,,,,,,0,0,0,,,,0,,,,,,,0,0,,,,0,0,0,,,,0,,,,,,,,,,,,,,,,,,,
24,B.Silvers pass short left complete. Catch made by K.Latulas for 5 yards. Tackled by T.Crowder at STL 50.,4/12/2026,The Dome at America's Center,STL,BHM,7,0,7,0,1,5,27,,,,,STL 45,55,1,10,STL,BHM,1,0,0,,,0,0,B.Silvers,Brandon Silvers,B.Silvers STL,1,1,,Short Left,1,0,5,0,0,0,1,1,K.Latulas,Kevon Latulas,K.Latulas STL,0,0,,,,0,0,,0,,0,,,,,,0,0,,,,,,0,,,,,0,,,,,0,,0,,,,0,0,,,,,,,,,,,,,,,,,,,,,,,,,,,,,,,,,,,,,,,,,,,,,,,,,,,,,,,,0,,,,,,0,0,,,,,0,,,,0,0,,,,,0,,,,0,0,0,0,0,0,0,,,,0,0,0,,,,,0,0,,,,,0,,,,,,,,,0,0,,,,0,0,0,0,,,,0,,,,,,,0,0,0,,,,0,,,,,,,0,0,,,,0,0,0,,,,0,,,,,,,,,,,,,,,,,,,
25,B.Silvers pass short right complete. Catch made by J.Pearson for 2 yards. Pushed out of bounds by R.Cooper at BHM 48.,4/12/2026,The Dome at America's Center,STL,BHM,7,0,7,0,1,4,48,,,,,50,50,2,5,STL,BHM,1,0,0,,,0,0,B.Silvers,Brandon Silvers,B.Silvers STL,1,1,,Short Right,1,0,2,0,0,0,1,1,J.Pearson,Jahcour Pearson,J.Pearson STL,0,0,,,,0,0,,0,,0,,,,,,0,0,,,,,,0,,,,,0,,,,,0,,0,,,,0,0,,,,,,,,,,,,,,,,,,,,,,,,,,,,,,,,,,,,,,,,,,,,,,,,,,,,,,,,0,,,,,,0,0,,,,,0,,,,0,0,,,,,0,,,,0,0,0,0,0,0,0,,,,0,0,0,,,,,0,0,,,,,0,,,,,,,,,0,0,,,,0,0,0,0,,,,0,,,,,,,0,0,0,,,,0,,,,,,,0,0,,,,0,0,0,,,,0,,,,,,,,,,,,,,,,,,,
26,Timeout #1 by STL.,4/12/2026,The Dome at America's Center,STL,BHM,7,0,7,0,,4,14,,,,,,,,,STL,BHM,0,0,0,,,0,0,,,,0,0,,,0,0,,0,0,0,0,0,,,,0,0,,,,0,0,,0,,0,,,,,,0,0,,,,,,0,,,,,0,,,,,0,,0,,,,0,0,,,,,,,,,,,,,,,,,,,,,,,,,,,,,,,,,,,,,,,,,,,,,,,,,,,,,,,,0,,,,,,0,0,,,,,0,,,,0,0,,,,,0,,,,0,0,0,0,0,0,0,,,,0,0,0,,,,,0,0,,,,,0,,,,,,,,,0,0,,,,0,0,0,0,,,,0,,,,,,,0,0,0,,,,0,,,,,,,0,0,,,,0,0,0,,,,0,,,,,,,,,,,,,,,,,,,
27,R.Harris rushed right guard for 2 yards. Tackled by A.Bledsoe at BHM 46.,4/12/2026,The Dome at America's Center,STL,BHM,7,0,7,0,1,4,14,,,,,BHM 48,48,3,3,STL,BHM,0,1,0,,,0,0,,,,0,0,,,0,0,,0,0,0,0,0,,,,0,1,R.Harris,Rahjai Harris,R.Harris STL,0,0,2,0,Right Guard,0,,,,,,0,0,,,,,,0,,,,,0,,,,,0,,0,,,,0,0,,,,,,,,,,,,,,,,,,,,,,,,,,,,,,,,,,,,,,,,,,,,,,,,,,,,,,,,0,,,,,,0,0,,,,,0,,,,0,0,,,,,0,,,,0,0,0,0,0,0,0,,,,0,0,0,,,,,0,0,,,,,0,,,,,,,,,0,0,,,,0,0,0,0,,,,0,,,,,,,0,0,0,,,,0,,,,,,,0,0,,,,0,0,0,,,,0,,,,,,,,,,,,,,,,,,,
28,R.Harris rushed right guard for 2 yards. Tackled by P.Winfrey at BHM 44.,4/12/2026,The Dome at America's Center,STL,BHM,7,0,7,0,1,3,40,,,,,BHM 46,46,4,1,STL,BHM,0,1,0,,,0,0,,,,0,0,,,0,0,,0,0,0,0,0,,,,0,1,R.Harris,Rahjai Harris,R.Harris STL,0,0,2,0,Right Guard,0,,,,,,0,0,,,,,,0,,,,,0,,,,,0,,0,,,,0,0,,,,,,,,,,,,,,,,,,,,,,,,,,,,,,,,,,,,,,,,,,,,,,,,,,,,,,,,0,,,,,,0,0,,,,,0,,,,0,0,,,,,0,,,,0,0,0,0,0,0,0,,,,0,0,0,,,,,0,0,,,,,0,,,,,,,,,0,0,,,,0,0,0,0,,,,0,,,,,,,0,0,0,,,,0,,,,,,,0,0,,,,0,0,0,,,,0,,,,,,,,,,,,,,,,,,,
29,B.Jackson steps back to pass. Sacked at BHM 45 for -1 yards (K.Jones).,4/12/2026,The Dome at America's Center,STL,BHM,7,0,7,0,1,3,3,,,,,BHM 44,44,1,10,STL,BHM,1,0,0,,,0,0,B.Jackson,Blake Jackson,B.Jackson STL,1,1,,,0,0,,0,0,0,0,0,,,,1,0,,,,0,0,,0,,0,,,,,,0,0,,,,,,0,,,,,0,,,,,0,,0,,,,0,0,,,,,,,,,,,,,,,,,,,,,,,,,,,,,,,,,,,,,,,,,,,,,,,,,,,,,,,,0,,,,,,0,0,,,,,0,,,,0,0,,,,,0,,,,0,0,0,0,0,0,0,,,,0,0,0,,,,,0,0,,,,,0,,,,,,,,,0,0,,,,0,0,0,0,,,,0,,,,,,,0,0,0,,,,0,,,,,,,0,0,,,,0,0,0,,,,0,,,,,,,,,,,,,,,,,,,
30,B.Silvers steps back to pass. Sacked at STL 48 for -7 yards (I.Ukwu).,4/12/2026,The Dome at America's Center,STL,BHM,7,0,7,0,1,2,23,,,,,BHM 45,45,2,11,STL,BHM,1,0,0,,,0,0,B.Silvers,Brandon Silvers,B.Silvers STL,1,1,,,0,0,,0,0,0,0,0,,,,1,0,,,,0,0,,0,,0,,,,,,0,0,,,,,,0,,,,,0,,,,,0,,0,,,,0,0,,,,,,,,,,,,,,,,,,,,,,,,,,,,,,,,,,,,,,,,,,,,,,,,,,,,,,,,0,,,,,,0,0,,,,,0,,,,0,0,,,,,0,,,,0,0,0,0,0,0,0,,,,0,0,0,,,,,0,0,,,,,0,,,,,,,,,0,0,,,,0,0,0,0,,,,0,,,,,,,0,0,0,,,,0,,,,,,,0,0,,,,0,0,0,,,,0,,,,,,,,,,,,,,,,,,,
31,B.Silvers pass short right complete. Catch made by S.McBride for 16 yards. Pushed out of bounds by S.Gilmore at BHM 36.,4/12/2026,The Dome at America's Center,STL,BHM,7,0,7,0,1,1,43,,,,,STL 48,52,3,18,STL,BHM,1,0,0,,,0,0,B.Silvers,Brandon Silvers,B.Silvers STL,1,1,,Short Right,1,0,16,0,0,0,1,1,S.McBride,Steven McBride,S.McBride STL,0,0,,,,0,0,,0,,0,,,,,,0,0,,,,,,0,,,,,0,,,,,0,,0,,,,0,0,,,,,,,,,,,,,,,,,,,,,,,,,,,,,,,,,,,,,,,,,,,,,,,,,,,,,,,,0,,,,,,0,0,,,,,0,,,,0,0,,,,,0,,,,0,0,0,0,0,0,0,,,,0,0,0,,,,,0,0,,,,,0,,,,,,,,,0,0,,,,0,0,0,0,,,,0,,,,,,,0,0,0,,,,0,,,,,,,0,0,,,,0,0,0,,,,0,,,,,,,,,,,,,,,,,,,
32,Timeout #2 by STL.,4/12/2026,The Dome at America's Center,STL,BHM,7,0,7,0,,1,8,,,,,,,,,STL,BHM,0,0,0,,,0,0,,,,0,0,,,0,0,,0,0,0,0,0,,,,0,0,,,,0,0,,0,,0,,,,,,0,0,,,,,,0,,,,,0,,,,,0,,0,,,,0,0,,,,,,,,,,,,,,,,,,,,,,,,,,,,,,,,,,,,,,,,,,,,,,,,,,,,,,,,0,,,,,,0,0,,,,,0,,,,0,0,,,,,0,,,,0,0,0,0,0,0,0,,,,0,0,0,,,,,0,0,,,,,0,,,,,,,,,0,0,,,,0,0,0,0,,,,0,,,,,,,0,0,0,,,,0,,,,,,,0,0,,,,0,0,0,,,,0,,,,,,,,,,,,,,,,,,,
33,"T.McCann 54 yard field goal attempt is good, Center-M.Hembrough, Holder-R.Sanborn.",4/12/2026,The Dome at America's Center,STL,BHM,10,0,10,0,1,1,8,,,,,BHM 36,36,4,2,STL,BHM,0,0,0,,,0,0,,,,0,0,,,0,0,,0,0,0,0,0,,,,0,0,,,,0,0,,0,,0,,,,,,0,0,,,,,,0,,,,,0,,,,,0,,0,,,,0,0,,,,,,,,,,,,,,,,,,,,,,,,,,,,,,,,,,,,,,,,,,,,,,,,,,,,,,,,0,,,,,,0,0,,,,,0,,,,0,0,,,,,0,,,,0,0,0,0,0,0,0,,,,0,0,0,,,,,1,1,T.McCann,Tucker McCann,T.McCann STL,54,0,,,,,,,,,0,0,,,,0,0,0,0,,,,0,,,,,,,0,0,0,,,,0,,,,,,,0,0,,,,0,0,0,,,,0,,,,,,,,,,,,,,,,,,,
34,R.Sanborn kicks 70 yards from STL 30 to the BHM End Zone. Touchback.,4/12/2026,The Dome at America's Center,STL,BHM,10,0,,,1,1,3,,,,,STL 30,30,,,,,0,0,0,,,0,0,,,,0,0,,,0,0,,0,0,0,0,0,,,,0,0,,,,0,0,,0,,0,,,,,,0,0,,,,,,0,,,,,0,,,,,0,,0,,,,0,0,,,,,,,,,,,,,,,,,,,,,,,,,,,,,,,,,,,,,,,,,,,,,,,,,,,,,,,,1,STL,BHM,R.Sanborn,Ryan Sanborn,R.Sanborn STL,1,0,,,,,0,,,,0,0,,,,,0,,,,0,0,0,0,0,0,0,,,,0,0,0,,,,,0,0,,,,,0,,,,,,,,,0,0,,,,0,0,0,0,,,,0,,,,,,,0,0,0,,,,0,,,,,,,0,0,,,,0,0,0,,,,0,,,,,,,,,,,,,,,,,,,
35,A.McFarland rushed up the middle for 2 yards. Tackled by N.Farrell at BHM 22.,4/12/2026,The Dome at America's Center,STL,BHM,10,0,0,10,1,1,3,,,,,BHM 20,80,1,10,BHM,STL,0,1,0,,,0,0,,,,0,0,,,0,0,,0,0,0,0,0,,,,0,1,A.McFarland,Anthony McFarland Jr.,A.McFarland BHM,0,0,2,0,Middle,0,,,,,,0,0,,,,,,0,,,,,0,,,,,0,,0,,,,0,0,,,,,,,,,,,,,,,,,,,,,,,,,,,,,,,,,,,,,,,,,,,,,,,,,,,,,,,,0,,,,,,0,0,,,,,0,,,,0,0,,,,,0,,,,0,0,0,0,0,0,0,,,,0,0,0,,,,,0,0,,,,,0,,,,,,,,,0,0,,,,0,0,0,0,,,,0,,,,,,,0,0,0,,,,0,,,,,,,0,0,,,,0,0,0,,,,0,,,,,,,,,,,,,,,,,,,
36,A.McFarland rushed left end for 6 yards. Pushed out of bounds by L.Barcoo at BHM 28.,4/12/2026,The Dome at America's Center,STL,BHM,10,0,0,10,1,0,31,,,,,BHM 22,78,2,8,BHM,STL,0,1,0,,,0,0,,,,0,0,,,0,0,,0,0,0,0,0,,,,0,1,A.McFarland,Anthony McFarland Jr.,A.McFarland BHM,0,0,6,0,Left End,0,,,,,,0,0,,,,,,0,,,,,0,,,,,0,,0,,,,0,0,,,,,,,,,,,,,,,,,,,,,,,,,,,,,,,,,,,,,,,,,,,,,,,,,,,,,,,,0,,,,,,0,0,,,,,0,,,,0,0,,,,,0,,,,0,0,0,0,0,0,0,,,,0,0,0,,,,,0,0,,,,,0,,,,,,,,,0,0,,,,0,0,0,0,,,,0,,,,,,,0,0,0,,,,0,,,,,,,0,0,,,,0,0,0,,,,0,,,,,,,,,,,,,,,,,,,
37,End Quarter 1,4/12/2026,The Dome at America's Center,STL,BHM,10,0,,,,0,0,,,,,,,,,,,0,0,0,,,0,0,,,,0,0,,,0,0,,0,0,0,0,0,,,,0,0,,,,0,0,,0,,0,,,,,,0,0,,,,,,0,,,,,0,,,,,0,,0,,,,0,0,,,,,,,,,,,,,,,,,,,,,,,,,,,,,,,,,,,,,,,,,,,,,,,,,,,,,,,,0,,,,,,0,0,,,,,0,,,,0,0,,,,,0,,,,0,0,0,0,0,0,0,,,,0,0,0,,,,,0,0,,,,,0,,,,,,,,,0,0,,,,0,0,0,0,,,,0,,,,,,,0,0,0,,,,0,,,,,,,0,0,,,,0,0,0,,,,0,,,,,,,,,,,,,,,,,,,
38,"M.Corral pass short left complete. Catch made by D.Cain for yards. Pushed out of bounds by L.Barcoo at BHM 40. PENALTY on BHM-J.Thomas, Offensive Pass Interference, 10 yards, accepted. No Play.",4/12/2026,The Dome at America's Center,STL,BHM,10,0,0,10,2,15,0,,,,,BHM 28,72,3,2,BHM,STL,1,0,1,,,0,0,M.Corral,Matt Corral,M.Corral BHM,1,1,,Short Left,1,0,,0,0,0,1,1,D.Cain,Deon Cain,D.Cain BHM,0,0,,,,0,0,,0,,0,,,,,,0,0,,,,,,0,,,,,0,,,,,0,,0,,,,1,0,BHM,J.Thomas,Jordan Thomas,J.Thomas BHM,10,,,,,,,,,,,,,,,,,,,,,,,,,,,,,1,,,,,,,,,,,,,,,,,,,,,,0,,,,,,0,0,,,,,0,,,,0,0,,,,,0,,,,0,0,0,0,0,0,0,,,,0,0,0,,,,,0,0,,,,,0,,,,,,,,,0,0,,,,0,0,0,0,,,,0,,,,,,,0,0,0,,,,0,,,,,,,0,0,,,,0,0,0,,,,0,,,,,,,,,,,,,,,,,,,
39,"M.Corral pass deep left INTERCEPTED at BHM 37. Intercepted by T.Hawkins at BHM 37. Pushed out of bounds by T.Robinson at BHM 20. PENALTY on STL-J.Mosley, Illegal Contact, 5 yards, accepted. No Play.",4/12/2026,The Dome at America's Center,STL,BHM,10,0,0,10,2,14,42,,,,,BHM 18,82,3,12,BHM,STL,1,0,1,,,0,0,M.Corral,Matt Corral,M.Corral BHM,1,1,,Deep Left,0,0,,0,1,0,0,0,,,,0,0,,,,0,0,,0,,0,,,,,,0,0,,,,,,0,,,,,0,,,,,0,,0,,,,1,0,STL,J.Mosley,Jordan Mosley,J.Mosley STL,5,,,,,,,,,,,,,,,,,,,,,,,,,,,,,,,,,,,,1,,,,,,,,,,,,,,,0,,,,,,0,0,,,,,0,,,,0,0,,,,,0,,,,0,0,0,0,0,0,0,,,,0,0,0,,,,,0,0,,,,,0,,,,,,,,,0,0,,,,0,0,0,0,,,,0,,,,,,,0,0,0,,,,0,,,,,,,0,0,,,,0,0,0,,,,0,,,,,,,,,,,,,,,,,,,
40,M.Corral pass short middle complete. Catch made by J.Barber for 8 yards. Tackled by S.Fresch at BHM 31.,4/12/2026,The Dome at America's Center,STL,BHM,10,0,0,10,2,14,18,,,,,BHM 23,77,1,10,BHM,STL,1,0,0,,,0,0,M.Corral,Matt Corral,M.Corral BHM,1,1,,Short Middle,1,0,8,0,0,0,1,1,J.Barber,Jabre Barber,J.Barber BHM,0,0,,,,0,0,,0,,0,,,,,,0,0,,,,,,0,,,,,0,,,,,0,,0,,,,0,0,,,,,,,,,,,,,,,,,,,,,,,,,,,,,,,,,,,,,,,,,,,,,,,,,,,,,,,,0,,,,,,0,0,,,,,0,,,,0,0,,,,,0,,,,0,0,0,0,0,0,0,,,,0,0,0,,,,,0,0,,,,,0,,,,,,,,,0,0,,,,0,0,0,0,,,,0,,,,,,,0,0,0,,,,0,,,,,,,0,0,,,,0,0,0,,,,0,,,,,,,,,,,,,,,,,,,
41,S.Conner rushed left guard for 1 yards. Tackled by A.Beauplan at BHM 32.,4/12/2026,The Dome at America's Center,STL,BHM,10,0,0,10,2,13,47,,,,,BHM 31,69,2,2,BHM,STL,0,1,0,,,0,0,,,,0,0,,,0,0,,0,0,0,0,0,,,,0,1,S.Conner,Snoop Conner,S.Conner BHM,0,0,1,0,Left Guard,0,,,,,,0,0,,,,,,0,,,,,0,,,,,0,,0,,,,0,0,,,,,,,,,,,,,,,,,,,,,,,,,,,,,,,,,,,,,,,,,,,,,,,,,,,,,,,,0,,,,,,0,0,,,,,0,,,,0,0,,,,,0,,,,0,0,0,0,0,0,0,,,,0,0,0,,,,,0,0,,,,,0,,,,,,,,,0,0,,,,0,0,0,0,,,,0,,,,,,,0,0,0,,,,0,,,,,,,0,0,,,,0,0,0,,,,0,,,,,,,,,,,,,,,,,,,
42,"S.Conner rushed up the middle for 7 yards. Tackled by J.Mosley, T.Stallworth at BHM 39.",4/12/2026,The Dome at America's Center,STL,BHM,10,0,0,10,2,13,14,,,,,BHM 32,68,3,1,BHM,STL,0,1,0,,,0,0,,,,0,0,,,0,0,,0,0,0,0,0,,,,0,1,S.Conner,Snoop Conner,S.Conner BHM,0,0,7,0,Middle,0,,,,,,0,0,,,,,,0,,,,,0,,,,,0,,0,,,,0,0,,,,,,,,,,,,,,,,,,,,,,,,,,,,,,,,,,,,,,,,,,,,,,,,,,,,,,,,0,,,,,,0,0,,,,,0,,,,0,0,,,,,0,,,,0,0,0,0,0,0,0,,,,0,0,0,,,,,0,0,,,,,0,,,,,,,,,0,0,,,,0,0,0,0,,,,0,,,,,,,0,0,0,,,,0,,,,,,,0,0,,,,0,0,0,,,,0,,,,,,,,,,,,,,,,,,,
43,M.Corral pass short right complete. Catch made by T.Davis for 4 yards. Tackled by M.Sims at BHM 43.,4/12/2026,The Dome at America's Center,STL,BHM,10,0,0,10,2,12,35,,,,,BHM 39,61,1,10,BHM,STL,1,0,0,,,0,0,M.Corral,Matt Corral,M.Corral BHM,1,1,,Short Right,1,0,4,0,0,0,1,1,T.Davis,Tyler Davis,T.Davis BHM,0,0,,,,0,0,,0,,0,,,,,,0,0,,,,,,0,,,,,0,,,,,0,,0,,,,0,0,,,,,,,,,,,,,,,,,,,,,,,,,,,,,,,,,,,,,,,,,,,,,,,,,,,,,,,,0,,,,,,0,0,,,,,0,,,,0,0,,,,,0,,,,0,0,0,0,0,0,0,,,,0,0,0,,,,,0,0,,,,,0,,,,,,,,,0,0,,,,0,0,0,0,,,,0,,,,,,,0,0,0,,,,0,,,,,,,0,0,,,,0,0,0,,,,0,,,,,,,,,,,,,,,,,,,
44,M.Corral pass short right complete. Catch made by A.McFarland for 5 yards. Tackled by M.Sims; A.Beauplan at BHM 48.,4/12/2026,The Dome at America's Center,STL,BHM,10,0,0,10,2,11,56,,,,,BHM 43,57,2,6,BHM,STL,1,0,0,,,0,0,M.Corral,Matt Corral,M.Corral BHM,1,1,,Short Right,1,0,5,0,0,0,1,1,A.McFarland,Anthony McFarland Jr.,A.McFarland BHM,0,0,,,,0,0,,0,,0,,,,,,0,0,,,,,,0,,,,,0,,,,,0,,0,,,,0,0,,,,,,,,,,,,,,,,,,,,,,,,,,,,,,,,,,,,,,,,,,,,,,,,,,,,,,,,0,,,,,,0,0,,,,,0,,,,0,0,,,,,0,,,,0,0,0,0,0,0,0,,,,0,0,0,,,,,0,0,,,,,0,,,,,,,,,0,0,,,,0,0,0,0,,,,0,,,,,,,0,0,0,,,,0,,,,,,,0,0,,,,0,0,0,,,,0,,,,,,,,,,,,,,,,,,,
45,A.McFarland rushed right tackle for 0 yards. Tackled by A.Thomas; L.Bentley at BHM 48.,4/12/2026,The Dome at America's Center,STL,BHM,10,0,0,10,2,11,15,,,,,BHM 48,52,3,1,BHM,STL,0,1,0,,,0,0,,,,0,0,,,0,0,,0,0,0,0,0,,,,0,1,A.McFarland,Anthony McFarland Jr.,A.McFarland BHM,0,0,0,0,Right Tackle,0,,,,,,0,0,,,,,,0,,,,,0,,,,,0,,0,,,,0,0,,,,,,,,,,,,,,,,,,,,,,,,,,,,,,,,,,,,,,,,,,,,,,,,,,,,,,,,0,,,,,,0,0,,,,,0,,,,0,0,,,,,0,,,,0,0,0,0,0,0,0,,,,0,0,0,,,,,0,0,,,,,0,,,,,,,,,0,0,,,,0,0,0,0,,,,0,,,,,,,0,0,0,,,,0,,,,,,,0,0,,,,0,0,0,,,,0,,,,,,,,,,,,,,,,,,,
46,"S.Conner rushed up the middle for -1 yards. Tackled by P.Taumoepenu, D.Isom at BHM 47.",4/12/2026,The Dome at America's Center,STL,BHM,10,0,0,10,2,10,37,,,,,BHM 48,52,4,1,BHM,STL,0,1,0,,,0,0,,,,0,0,,,0,0,,0,0,0,0,0,,,,0,1,S.Conner,Snoop Conner,S.Conner BHM,0,0,-1,0,Middle,0,,,,,,0,0,,,,,,0,,,,,0,,,,,0,,0,,,,0,0,,,,,,,,,,,,,,,,,,,,,,,,,,,,,,,,,,,,,,,,,,,,,,,,,,,,,,,,0,,,,,,0,0,,,,,0,,,,0,0,,,,,0,,,,0,0,0,0,0,0,0,,,,0,0,0,,,,,0,0,,,,,0,,,,,,,,,0,0,,,,0,0,0,0,,,,0,,,,,,,0,0,0,,,,0,,,,,,,0,0,,,,0,0,0,,,,0,,,,,,,,,,,,,,,,,,,
47,J.Howard rushed left tackle for 3 yards. Tackled by K.Jones at BHM 44.,4/12/2026,The Dome at America's Center,STL,BHM,10,0,10,0,2,10,33,,,,,BHM 47,47,1,10,STL,BHM,0,1,0,,,0,0,,,,0,0,,,0,0,,0,0,0,0,0,,,,0,1,J.Howard,Jarveon Howard,J.Howard STL,0,0,3,0,Left Tackle,0,,,,,,0,0,,,,,,0,,,,,0,,,,,0,,0,,,,0,0,,,,,,,,,,,,,,,,,,,,,,,,,,,,,,,,,,,,,,,,,,,,,,,,,,,,,,,,0,,,,,,0,0,,,,,0,,,,0,0,,,,,0,,,,0,0,0,0,0,0,0,,,,0,0,0,,,,,0,0,,,,,0,,,,,,,,,0,0,,,,0,0,0,0,,,,0,,,,,,,0,0,0,,,,0,,,,,,,0,0,,,,0,0,0,,,,0,,,,,,,,,,,,,,,,,,,
48,B.Silvers pass short middle complete. Catch made by K.Latulas for 5 yards. Tackled by T.Crowder at BHM 39.,4/12/2026,The Dome at America's Center,STL,BHM,10,0,10,0,2,9,57,,,,,BHM 44,44,2,7,STL,BHM,1,0,0,,,0,0,B.Silvers,Brandon Silvers,B.Silvers STL,1,1,,Short Middle,1,0,5,0,0,0,1,1,K.Latulas,Kevon Latulas,K.Latulas STL,0,0,,,,0,0,,0,,0,,,,,,0,0,,,,,,0,,,,,0,,,,,0,,0,,,,0,0,,,,,,,,,,,,,,,,,,,,,,,,,,,,,,,,,,,,,,,,,,,,,,,,,,,,,,,,0,,,,,,0,0,,,,,0,,,,0,0,,,,,0,,,,0,0,0,0,0,0,0,,,,0,0,0,,,,,0,0,,,,,0,,,,,,,,,0,0,,,,0,0,0,0,,,,0,,,,,,,0,0,0,,,,0,,,,,,,0,0,,,,0,0,0,,,,0,,,,,,,,,,,,,,,,,,,
49,K.Latulas rushed right guard for 0 yards. Tackled by K.Tezino; J.Tillery at BHM 39.,4/12/2026,The Dome at America's Center,STL,BHM,10,0,10,0,2,9,18,,,,,BHM 39,39,3,2,STL,BHM,0,1,0,,,0,0,,,,0,0,,,0,0,,0,0,0,0,0,,,,0,1,K.Latulas,Kevon Latulas,K.Latulas STL,0,0,0,0,Right Guard,0,,,,,,0,0,,,,,,0,,,,,0,,,,,0,,0,,,,0,0,,,,,,,,,,,,,,,,,,,,,,,,,,,,,,,,,,,,,,,,,,,,,,,,,,,,,,,,0,,,,,,0,0,,,,,0,,,,0,0,,,,,0,,,,0,0,0,0,0,0,0,,,,0,0,0,,,,,0,0,,,,,0,,,,,,,,,0,0,,,,0,0,0,0,,,,0,,,,,,,0,0,0,,,,0,,,,,,,0,0,,,,0,0,0,,,,0,,,,,,,,,,,,,,,,,,,
50,B.Silvers pass short right INTERCEPTED at BHM 30. Intercepted by T.Crowder at BHM 30. Tackled by S.McBride at STL 35.,4/12/2026,The Dome at America's Center,STL,BHM,10,0,10,0,2,8,42,,,,,BHM 39,39,4,2,STL,BHM,1,0,0,,,0,0,B.Silvers,Brandon Silvers,B.Silvers STL,1,1,,Short Right,0,0,,0,1,0,0,0,,,,0,0,,,,0,0,,0,,0,,,,,,0,0,,,,,,0,,,,,0,,,,,0,,0,,,,0,0,,,,,,,,,,,,,,,,,,,,,,,,,,,,,,,,,,,,,,,,,,,,,,,,,,,,,,,,0,,,,,,0,0,,,,,0,,,,0,0,,,,,0,,,,0,0,0,0,0,0,0,,,,0,0,0,,,,,0,0,,,,,0,,,,,,,,,0,0,,,,0,0,0,0,,,,0,,,,,,,0,0,0,,,,0,,,,,,,0,0,,,,0,0,0,,,,0,,,,,,,,,,,,,,,,,,,
51,M.Corral pass deep left complete. Catch made by J.Thomas for 35 yards. TOUCHDOWN.,4/12/2026,The Dome at America's Center,STL,BHM,10,6,6,10,2,8,28,,,,,STL 35,35,1,10,BHM,STL,1,0,0,,,0,0,M.Corral,Matt Corral,M.Corral BHM,1,1,,Deep Left,1,0,35,1,0,0,1,1,J.Thomas,Jordan Thomas,J.Thomas BHM,0,0,,,,0,0,,0,,0,,,,,,0,0,,,,,,0,,,,,0,,,,,0,,0,,,,0,0,,,,,,,,,,,,,,,,,,,,,,,,,,,,,,,,,,,,,,,,,,,,,,,,,,,,,,,,0,,,,,,0,0,,,,,0,,,,0,0,,,,,0,,,,0,0,0,0,0,0,0,,,,0,0,0,,,,,0,0,,,,,0,,,,,,,,,0,0,,,,0,0,0,0,,,,0,,,,,,,0,0,0,,,,0,,,,,,,0,0,,,,0,0,0,,,,0,,,,,,,,,,,,,,,,,,,
52,J.Garibay extra point is good.,4/12/2026,The Dome at America's Center,STL,BHM,10,7,7,10,2,8,19,,,,,STL 15,15,,,BHM,STL,0,0,0,,,0,0,,,,0,0,,,0,0,,0,0,0,0,0,,,,0,0,,,,0,0,,0,,0,,,,,,0,0,,,,,,0,,,,,0,,,,,0,,0,,,,0,0,,,,,,,,,,,,,,,,,,,,,,,,,,,,,,,,,,,,,,,,,,,,,,,,,,,,,,,,0,BHM,,,,,0,0,,,,,0,,,,0,0,,,,,0,,,,0,0,0,0,0,0,0,,,,0,0,0,,,,,0,0,,,,,0,,,,,,,,,0,0,,,,0,1,1,0,,,,0,,,,,,,0,0,0,,,,0,,,,,,,0,0,,,,0,0,0,,,,0,,,,,,,,,,,,,,,,,,,
53,"J.Garibay kicks 58 yards from BHM 30 to the STL 12. G.Jennings returns the kickoff. Tackled by D.Gilbert, A.Cook at STL 38.",4/12/2026,The Dome at America's Center,STL,BHM,10,7,,,2,8,19,,,,,BHM 30,30,,,,,0,0,0,,,0,0,,,,0,0,,,0,0,,0,0,0,0,0,,,,0,0,,,,0,0,,0,,0,,,,,,0,0,,,,,,0,,,,,0,,,,,0,,0,,,,0,0,,,,,,,,,,,,,,,,,,,,,,,,,,,,,,,,,,,,,,,,,,,,,,,,,,,,,,,,1,BHM,STL,J.Garibay,Jonathan Garibay,J.Garibay BHM,0,0,,,,,1,G.Jennings,Gary Jennings Jr.,G.Jennings STL,0,0,,,,,0,,,,0,0,0,0,0,0,0,,,,0,0,0,,,,,0,0,,,,,0,,,,,,,,,0,0,,,,0,0,0,0,,,,0,,,,,,,0,0,0,,,,0,,,,,,,0,0,,,,0,0,0,,,,0,,,,,,,,,,,,,,,,,,,
54,K.Latulas rushed up the middle for 4 yards. Tackled by K.Tezino at STL 42.,4/12/2026,The Dome at America's Center,STL,BHM,10,7,10,7,2,8,11,,,,,STL 38,62,1,10,STL,BHM,0,1,0,,,0,0,,,,0,0,,,0,0,,0,0,0,0,0,,,,0,1,K.Latulas,Kevon Latulas,K.Latulas STL,0,0,4,0,Middle,0,,,,,,0,0,,,,,,0,,,,,0,,,,,0,,0,,,,0,0,,,,,,,,,,,,,,,,,,,,,,,,,,,,,,,,,,,,,,,,,,,,,,,,,,,,,,,,0,,,,,,0,0,,,,,0,,,,0,0,,,,,0,,,,0,0,0,0,0,0,0,,,,0,0,0,,,,,0,0,,,,,0,,,,,,,,,0,0,,,,0,0,0,0,,,,0,,,,,,,0,0,0,,,,0,,,,,,,0,0,,,,0,0,0,,,,0,,,,,,,,,,,,,,,,,,,
55,B.Silvers pass deep left complete. Catch made by H.Butler for 31 yards. Pushed out of bounds by M.Goodrich at BHM 27.,4/12/2026,The Dome at America's Center,STL,BHM,10,7,10,7,2,7,43,,,,,STL 42,58,2,6,STL,BHM,1,0,0,,,0,0,B.Silvers,Brandon Silvers,B.Silvers STL,1,1,,Deep Left,1,0,31,0,0,0,1,1,H.Butler,Hakeem Butler,H.Butler STL,0,0,,,,0,0,,0,,0,,,,,,0,0,,,,,,0,,,,,0,,,,,0,,0,,,,0,0,,,,,,,,,,,,,,,,,,,,,,,,,,,,,,,,,,,,,,,,,,,,,,,,,,,,,,,,0,,,,,,0,0,,,,,0,,,,0,0,,,,,0,,,,0,0,0,0,0,0,0,,,,0,0,0,,,,,0,0,,,,,0,,,,,,,,,0,0,,,,0,0,0,0,,,,0,,,,,,,0,0,0,,,,0,,,,,,,0,0,,,,0,0,0,,,,0,,,,,,,,,,,,,,,,,,,
56,K.Latulas rushed left guard for 4 yards. Tackled by R.Correia at BHM 23.,4/12/2026,The Dome at America's Center,STL,BHM,10,7,10,7,2,7,22,,,,,BHM 27,27,1,10,STL,BHM,0,1,0,,,0,0,,,,0,0,,,0,0,,0,0,0,0,0,,,,0,1,K.Latulas,Kevon Latulas,K.Latulas STL,0,0,4,0,Left Guard,0,,,,,,0,0,,,,,,0,,,,,0,,,,,0,,0,,,,0,0,,,,,,,,,,,,,,,,,,,,,,,,,,,,,,,,,,,,,,,,,,,,,,,,,,,,,,,,0,,,,,,0,0,,,,,0,,,,0,0,,,,,0,,,,0,0,0,0,0,0,0,,,,0,0,0,,,,,0,0,,,,,0,,,,,,,,,0,0,,,,0,0,0,0,,,,0,,,,,,,0,0,0,,,,0,,,,,,,0,0,,,,0,0,0,,,,0,,,,,,,,,,,,,,,,,,,
57,B.Silvers pass short left complete. Catch made by S.McBride for 17 yards. Tackled by A.Cook at BHM 6.,4/12/2026,The Dome at America's Center,STL,BHM,10,7,10,7,2,6,38,,,,,BHM 23,23,2,6,STL,BHM,1,0,0,,,0,0,B.Silvers,Brandon Silvers,B.Silvers STL,1,1,,Short Left,1,0,17,0,0,0,1,1,S.McBride,Steven McBride,S.McBride STL,0,0,,,,0,0,,0,,0,,,,,,0,0,,,,,,0,,,,,0,,,,,0,,0,,,,0,0,,,,,,,,,,,,,,,,,,,,,,,,,,,,,,,,,,,,,,,,,,,,,,,,,,,,,,,,0,,,,,,0,0,,,,,0,,,,0,0,,,,,0,,,,0,0,0,0,0,0,0,,,,0,0,0,,,,,0,0,,,,,0,,,,,,,,,0,0,,,,0,0,0,0,,,,0,,,,,,,0,0,0,,,,0,,,,,,,0,0,,,,0,0,0,,,,0,,,,,,,,,,,,,,,,,,,
58,K.Latulas rushed up the middle for 5 yards. Tackled by R.Correia at BHM 1.,4/12/2026,The Dome at America's Center,STL,BHM,10,7,10,7,2,6,2,,,,,BHM 6,6,1,6,STL,BHM,0,1,0,,,0,0,,,,0,0,,,0,0,,0,0,0,0,0,,,,0,1,K.Latulas,Kevon Latulas,K.Latulas STL,0,0,5,0,Middle,0,,,,,,0,0,,,,,,0,,,,,0,,,,,0,,0,,,,0,0,,,,,,,,,,,,,,,,,,,,,,,,,,,,,,,,,,,,,,,,,,,,,,,,,,,,,,,,0,,,,,,0,0,,,,,0,,,,0,0,,,,,0,,,,0,0,0,0,0,0,0,,,,0,0,0,,,,,0,0,,,,,0,,,,,,,,,0,0,,,,0,0,0,0,,,,0,,,,,,,0,0,0,,,,0,,,,,,,0,0,,,,0,0,0,,,,0,,,,,,,,,,,,,,,,,,,
59,K.Latulas rushed up the middle for 0 yards. Tackled by T.Crowder at BHM 1.,4/12/2026,The Dome at America's Center,STL,BHM,10,7,10,7,2,5,31,,,,,BHM 1,1,2,1,STL,BHM,0,1,0,,,0,0,,,,0,0,,,0,0,,0,0,0,0,0,,,,0,1,K.Latulas,Kevon Latulas,K.Latulas STL,0,0,0,0,Middle,0,,,,,,0,0,,,,,,0,,,,,0,,,,,0,,0,,,,0,0,,,,,,,,,,,,,,,,,,,,,,,,,,,,,,,,,,,,,,,,,,,,,,,,,,,,,,,,0,,,,,,0,0,,,,,0,,,,0,0,,,,,0,,,,0,0,0,0,0,0,0,,,,0,0,0,,,,,0,0,,,,,0,,,,,,,,,0,0,,,,0,0,0,0,,,,0,,,,,,,0,0,0,,,,0,,,,,,,0,0,,,,0,0,0,,,,0,,,,,,,,,,,,,,,,,,,
60,K.Latulas rushed right guard for -1 yards. Tackled by I.Green-May at BHM 2.,4/12/2026,The Dome at America's Center,STL,BHM,10,7,10,7,2,4,58,,,,,BHM 1,1,3,1,STL,BHM,0,1,0,,,0,0,,,,0,0,,,0,0,,0,0,0,0,0,,,,0,1,K.Latulas,Kevon Latulas,K.Latulas STL,0,0,-1,0,Right Guard,0,,,,,,0,0,,,,,,0,,,,,0,,,,,0,,0,,,,0,0,,,,,,,,,,,,,,,,,,,,,,,,,,,,,,,,,,,,,,,,,,,,,,,,,,,,,,,,0,,,,,,0,0,,,,,0,,,,0,0,,,,,0,,,,0,0,0,0,0,0,0,,,,0,0,0,,,,,0,0,,,,,0,,,,,,,,,0,0,,,,0,0,0,0,,,,0,,,,,,,0,0,0,,,,0,,,,,,,0,0,,,,0,0,0,,,,0,,,,,,,,,,,,,,,,,,,
61,Timeout #3 by STL.,4/12/2026,The Dome at America's Center,STL,BHM,10,7,10,7,,4,16,,,,,,,,,STL,BHM,0,0,0,,,0,0,,,,0,0,,,0,0,,0,0,0,0,0,,,,0,0,,,,0,0,,0,,0,,,,,,0,0,,,,,,0,,,,,0,,,,,0,,0,,,,0,0,,,,,,,,,,,,,,,,,,,,,,,,,,,,,,,,,,,,,,,,,,,,,,,,,,,,,,,,0,,,,,,0,0,,,,,0,,,,0,0,,,,,0,,,,0,0,0,0,0,0,0,,,,0,0,0,,,,,0,0,,,,,0,,,,,,,,,0,0,,,,0,0,0,0,,,,0,,,,,,,0,0,0,,,,0,,,,,,,0,0,,,,0,0,0,,,,0,,,,,,,,,,,,,,,,,,,
62,J.Howard rushed right guard for 0 yards. Tackled by T.Crowder at BHM 2.,4/12/2026,The Dome at America's Center,STL,BHM,10,7,10,7,2,4,16,,,,,BHM 2,2,4,2,STL,BHM,0,1,0,,,0,0,,,,0,0,,,0,0,,0,0,0,0,0,,,,0,1,J.Howard,Jarveon Howard,J.Howard STL,0,0,0,0,Right Guard,0,,,,,,0,0,,,,,,0,,,,,0,,,,,0,,0,,,,0,0,,,,,,,,,,,,,,,,,,,,,,,,,,,,,,,,,,,,,,,,,,,,,,,,,,,,,,,,0,,,,,,0,0,,,,,0,,,,0,0,,,,,0,,,,0,0,0,0,0,0,0,,,,0,0,0,,,,,0,0,,,,,0,,,,,,,,,0,0,,,,0,0,0,0,,,,0,,,,,,,0,0,0,,,,0,,,,,,,0,0,,,,0,0,0,,,,0,,,,,,,,,,,,,,,,,,,
63,M.Corral steps back to pass. Pass incomplete short middle intended for S.Conner (T.Feeney).,4/12/2026,The Dome at America's Center,STL,BHM,10,7,7,10,2,4,11,,,,,BHM 2,98,1,10,BHM,STL,1,0,0,,,0,0,M.Corral,Matt Corral,M.Corral BHM,1,1,,,0,1,,0,0,0,1,0,S.Conner,Snoop Conner,S.Conner BHM,0,0,,,,0,0,,0,,0,,,,,,0,0,,,,,,0,,,,,0,,,,,0,,0,,,,0,0,,,,,,,,,,,,,,,,,,,,,,,,,,,,,,,,,,,,,,,,,,,,,,,,,,,,,,,,0,,,,,,0,0,,,,,0,,,,0,0,,,,,0,,,,0,0,0,0,0,0,0,,,,0,0,0,,,,,0,0,,,,,0,,,,,,,,,0,0,,,,0,0,0,0,,,,0,,,,,,,0,0,0,,,,0,,,,,,,0,0,,,,0,0,0,,,,0,,,,,,,,,,,,,,,,,,,
64,M.Corral scrambles right guard for 1 yards. Tackled by S.Linton at BHM 3.,4/12/2026,The Dome at America's Center,STL,BHM,10,7,7,10,2,3,42,,,,,BHM 2,98,2,10,BHM,STL,0,1,0,,,0,0,,,,0,0,,,0,0,,0,0,0,0,0,,,,0,1,M.Corral,Matt Corral,M.Corral BHM,1,0,1,0,Right Guard,0,,,,,,0,0,,,,,,0,,,,,0,,,,,0,,0,,,,0,0,,,,,,,,,,,,,,,,,,,,,,,,,,,,,,,,,,,,,,,,,,,,,,,,,,,,,,,,0,,,,,,0,0,,,,,0,,,,0,0,,,,,0,,,,0,0,0,0,0,0,0,,,,0,0,0,,,,,0,0,,,,,0,,,,,,,,,0,0,,,,0,0,0,0,,,,0,,,,,,,0,0,0,,,,0,,,,,,,0,0,,,,0,0,0,,,,0,,,,,,,,,,,,,,,,,,,
65,"M.Corral steps back to pass. Pass incomplete deep left intended for D.Cain (N.Clarke) [C.Davis]. PENALTY on STL-C.Davis, Roughing the Passer, 15 yards, accepted. No Play.",4/12/2026,The Dome at America's Center,STL,BHM,10,7,7,10,2,3,4,,,,,BHM 3,97,3,9,BHM,STL,1,0,1,,,0,0,M.Corral,Matt Corral,M.Corral BHM,1,1,,,0,1,,0,0,0,1,0,D.Cain,Deon Cain,D.Cain BHM,0,0,,,,0,0,,0,,0,,,,,,0,0,,,,,,0,,,,,0,,,,,0,,0,,,,1,0,STL,C.Davis,Carlos Davis,C.Davis STL,15,,,,,,,,,,,,,,,,,,,,,,,,,,,,,,,,,,,1,,,,,,,,,,,,,,,,0,,,,,,0,0,,,,,0,,,,0,0,,,,,0,,,,0,0,0,0,0,0,0,,,,0,0,0,,,,,0,0,,,,,0,,,,,,,,,0,0,,,,0,0,0,0,,,,0,,,,,,,0,0,0,,,,0,,,,,,,0,0,,,,0,0,0,,,,0,,,,,,,,,,,,,,,,,,,
66,"S.Conner rushed left tackle for -6 yards. S.Conner FUMBLES, forced by. Fumble RECOVERED by STL-L.Bentley at BHM 12. Tackled by J.Thomas at BHM 12. ",4/12/2026,The Dome at America's Center,STL,BHM,10,7,7,10,2,2,54,,,,,BHM 18,82,1,10,BHM,STL,0,1,0,,,0,0,,,,0,0,,,0,0,,0,0,0,0,0,,,,0,1,S.Conner,Snoop Conner,S.Conner BHM,0,0,-6,0,Left Tackle,1,,S.Conner,Snoop Conner,S.Conner BHM,BHM,0,0,,,,,,1,S.Conner,Snoop Conner,S.Conner BHM,BHM,1,L.Bentley,LaVonta Bentley,L.Bentley STL,STL,0,,0,,,,0,0,,,,,,,,,,,,,,,,,,,,,,,,,,,,,,,,,,,,,,,,,,,,,,,,,,,,,,,,0,,,,,,0,0,,,,,0,,,,0,0,,,,,0,,,,0,0,0,0,0,0,0,,,,0,0,0,,,,,0,0,,,,,0,,,,,,,,,0,0,,,,0,0,0,0,,,,0,,,,,,,0,0,0,,,,0,,,,,,,0,0,,,,0,0,0,,,,0,,,,,,,,,,,,,,,,,,,
67,B.Silvers steps back to pass. Pass incomplete short middle intended for B.Jackson.,4/12/2026,The Dome at America's Center,STL,BHM,10,7,10,7,2,2,45,,,,,BHM 12,12,1,10,STL,BHM,1,0,0,,,0,0,B.Silvers,Brandon Silvers,B.Silvers STL,1,1,,,0,1,,0,0,0,1,0,B.Jackson,Blake Jackson,B.Jackson STL,0,0,,,,0,0,,0,,0,,,,,,0,0,,,,,,0,,,,,0,,,,,0,,0,,,,0,0,,,,,,,,,,,,,,,,,,,,,,,,,,,,,,,,,,,,,,,,,,,,,,,,,,,,,,,,0,,,,,,0,0,,,,,0,,,,0,0,,,,,0,,,,0,0,0,0,0,0,0,,,,0,0,0,,,,,0,0,,,,,0,,,,,,,,,0,0,,,,0,0,0,0,,,,0,,,,,,,0,0,0,,,,0,,,,,,,0,0,,,,0,0,0,,,,0,,,,,,,,,,,,,,,,,,,
68,B.Silvers steps back to pass. Sacked at BHM 22 for -10 yards (A.Bledsoe).,4/12/2026,The Dome at America's Center,STL,BHM,10,7,10,7,2,2,14,,,,,BHM 12,12,2,10,STL,BHM,1,0,0,,,0,0,B.Silvers,Brandon Silvers,B.Silvers STL,1,1,,,0,0,,0,0,0,0,0,,,,1,0,,,,0,0,,0,,0,,,,,,0,0,,,,,,0,,,,,0,,,,,0,,0,,,,0,0,,,,,,,,,,,,,,,,,,,,,,,,,,,,,,,,,,,,,,,,,,,,,,,,,,,,,,,,0,,,,,,0,0,,,,,0,,,,0,0,,,,,0,,,,0,0,0,0,0,0,0,,,,0,0,0,,,,,0,0,,,,,0,,,,,,,,,0,0,,,,0,0,0,0,,,,0,,,,,,,0,0,0,,,,0,,,,,,,0,0,,,,0,0,0,,,,0,,,,,,,,,,,,,,,,,,,
69,Two minute warning.,4/12/2026,The Dome at America's Center,STL,BHM,10,7,10,7,,2,0,,,,,,,,,STL,BHM,0,0,0,,,0,0,,,,0,0,,,0,0,,0,0,0,0,0,,,,0,0,,,,0,0,,0,,0,,,,,,0,0,,,,,,0,,,,,0,,,,,0,,0,,,,0,0,,,,,,,,,,,,,,,,,,,,,,,,,,,,,,,,,,,,,,,,,,,,,,,,,,,,,,,,0,,,,,,0,0,,,,,0,,,,0,0,,,,,0,,,,0,0,0,0,0,0,0,,,,0,0,0,,,,,0,0,,,,,0,,,,,,,,,0,0,,,,0,0,0,0,,,,0,,,,,,,0,0,0,,,,0,,,,,,,0,0,,,,0,0,0,,,,0,,,,,,,,,,,,,,,,,,,
70,"B.Silvers steps back to pass. Pass incomplete deep right intended for J.Pearson (K.Tezino, A.Cook).",4/12/2026,The Dome at America's Center,STL,BHM,10,7,10,7,2,2,0,,,,,BHM 22,22,3,20,STL,BHM,1,0,0,,,0,0,B.Silvers,Brandon Silvers,B.Silvers STL,1,1,,,0,1,,0,0,0,1,0,J.Pearson,Jahcour Pearson,J.Pearson STL,0,0,,,,0,0,,0,,0,,,,,,0,0,,,,,,0,,,,,0,,,,,0,,0,,,,0,0,,,,,,,,,,,,,,,,,,,,,,,,,,,,,,,,,,,,,,,,,,,,,,,,,,,,,,,,0,,,,,,0,0,,,,,0,,,,0,0,,,,,0,,,,0,0,0,0,0,0,0,,,,0,0,0,,,,,0,0,,,,,0,,,,,,,,,0,0,,,,0,0,0,0,,,,0,,,,,,,0,0,0,,,,0,,,,,,,0,0,,,,0,0,0,,,,0,,,,,,,,,,,,,,,,,,,
71,"T.McCann 40 yard field goal attempt is good, Center-M.Hembrough, Holder-R.Sanborn.",4/12/2026,The Dome at America's Center,STL,BHM,13,7,13,7,2,1,55,,,,,BHM 22,22,4,20,STL,BHM,0,0,0,,,0,0,,,,0,0,,,0,0,,0,0,0,0,0,,,,0,0,,,,0,0,,0,,0,,,,,,0,0,,,,,,0,,,,,0,,,,,0,,0,,,,0,0,,,,,,,,,,,,,,,,,,,,,,,,,,,,,,,,,,,,,,,,,,,,,,,,,,,,,,,,0,,,,,,0,0,,,,,0,,,,0,0,,,,,0,,,,0,0,0,0,0,0,0,,,,0,0,0,,,,,1,1,T.McCann,Tucker McCann,T.McCann STL,40,0,,,,,,,,,0,0,,,,0,0,0,0,,,,0,,,,,,,0,0,0,,,,0,,,,,,,0,0,,,,0,0,0,,,,0,,,,,,,,,,,,,,,,,,,
72,"R.Sanborn kicks 57 yards from STL 30 to the BHM 13. Out of bounds. PENALTY on STL-R.Sanborn, Kickoff Out of Bounds, 0 yards, accepted.",4/12/2026,The Dome at America's Center,STL,BHM,13,7,,,2,1,51,,,,,STL 30,30,,,,,0,0,0,,,0,0,,,,0,0,,,0,0,,0,0,0,0,0,,,,0,0,,,,0,0,,0,,0,,,,,,0,0,,,,,,0,,,,,0,,,,,0,,0,,,,1,0,STL,R.Sanborn,Ryan Sanborn,R.Sanborn STL,0,,,,,,,,,,,,,,,,,,,,,,,,,,,,,,,,,,,,,,,,,,,,,,,,,,,1,STL,BHM,R.Sanborn,Ryan Sanborn,R.Sanborn STL,0,1,,,,,0,,,,0,0,,,,,0,,,,0,0,0,0,0,0,0,,,,0,0,0,,,,,0,0,,,,,0,,,,,,,,,0,0,,,,0,0,0,0,,,,0,,,,,,,0,0,0,,,,0,,,,,,,0,0,,,,0,0,0,,,,0,,,,,,,,,,,,,,,,,,,
73,M.Corral steps back to pass. Pass incomplete deep left intended for J.Ross (N.Clarke).,4/12/2026,The Dome at America's Center,STL,BHM,13,7,7,13,2,1,51,,,,,BHM 40,60,1,10,BHM,STL,1,0,0,,,0,0,M.Corral,Matt Corral,M.Corral BHM,1,1,,,0,1,,0,0,0,1,0,J.Ross,Justyn Ross,J.Ross BHM,0,0,,,,0,0,,0,,0,,,,,,0,0,,,,,,0,,,,,0,,,,,0,,0,,,,0,0,,,,,,,,,,,,,,,,,,,,,,,,,,,,,,,,,,,,,,,,,,,,,,,,,,,,,,,,0,,,,,,0,0,,,,,0,,,,0,0,,,,,0,,,,0,0,0,0,0,0,0,,,,0,0,0,,,,,0,0,,,,,0,,,,,,,,,0,0,,,,0,0,0,0,,,,0,,,,,,,0,0,0,,,,0,,,,,,,0,0,,,,0,0,0,,,,0,,,,,,,,,,,,,,,,,,,
74,M.Corral steps back to pass. Pass incomplete deep middle intended for J.Mickens (S.Fresch) [T.Feeney].,4/12/2026,The Dome at America's Center,STL,BHM,13,7,7,13,2,1,47,,,,,BHM 40,60,2,10,BHM,STL,1,0,0,,,0,0,M.Corral,Matt Corral,M.Corral BHM,1,1,,,0,1,,0,0,0,1,0,J.Mickens,Jaydon Mickens,J.Mickens BHM,0,0,,,,0,0,,0,,0,,,,,,0,0,,,,,,0,,,,,0,,,,,0,,0,,,,0,0,,,,,,,,,,,,,,,,,,,,,,,,,,,,,,,,,,,,,,,,,,,,,,,,,,,,,,,,0,,,,,,0,0,,,,,0,,,,0,0,,,,,0,,,,0,0,0,0,0,0,0,,,,0,0,0,,,,,0,0,,,,,0,,,,,,,,,0,0,,,,0,0,0,0,,,,0,,,,,,,0,0,0,,,,0,,,,,,,0,0,,,,0,0,0,,,,0,,,,,,,,,,,,,,,,,,,
75,"M.Corral pass short left complete. Catch made by J.Ross for 6 yards. Tackled by N.Clarke, S.Fresch at BHM 46.",4/12/2026,The Dome at America's Center,STL,BHM,13,7,7,13,2,1,41,,,,,BHM 40,60,3,10,BHM,STL,1,0,0,,,0,0,M.Corral,Matt Corral,M.Corral BHM,1,1,,Short Left,1,0,6,0,0,0,1,1,J.Ross,Justyn Ross,J.Ross BHM,0,0,,,,0,0,,0,,0,,,,,,0,0,,,,,,0,,,,,0,,,,,0,,0,,,,0,0,,,,,,,,,,,,,,,,,,,,,,,,,,,,,,,,,,,,,,,,,,,,,,,,,,,,,,,,0,,,,,,0,0,,,,,0,,,,0,0,,,,,0,,,,0,0,0,0,0,0,0,,,,0,0,0,,,,,0,0,,,,,0,,,,,,,,,0,0,,,,0,0,0,0,,,,0,,,,,,,0,0,0,,,,0,,,,,,,0,0,,,,0,0,0,,,,0,,,,,,,,,,,,,,,,,,,
76,Timeout #1 by BHM.,4/12/2026,The Dome at America's Center,STL,BHM,13,7,7,13,,1,1,,,,,,,,,BHM,STL,0,0,0,,,0,0,,,,0,0,,,0,0,,0,0,0,0,0,,,,0,0,,,,0,0,,0,,0,,,,,,0,0,,,,,,0,,,,,0,,,,,0,,0,,,,0,0,,,,,,,,,,,,,,,,,,,,,,,,,,,,,,,,,,,,,,,,,,,,,,,,,,,,,,,,0,,,,,,0,0,,,,,0,,,,0,0,,,,,0,,,,0,0,0,0,0,0,0,,,,0,0,0,,,,,0,0,,,,,0,,,,,,,,,0,0,,,,0,0,0,0,,,,0,,,,,,,0,0,0,,,,0,,,,,,,0,0,,,,0,0,0,,,,0,,,,,,,,,,,,,,,,,,,
77,"C.Wadman punts 43 yards to STL 11, Center-R.Langan. S.Fresch returned punt from the STL 11. Tackled by L.Boykin at STL 14.",4/12/2026,The Dome at America's Center,STL,BHM,13,7,7,13,2,1,1,,,,,BHM 46,54,4,4,BHM,STL,0,0,0,,,0,0,,,,0,0,,,0,0,,0,0,0,0,0,,,,0,0,,,,0,0,,0,,0,,,,,,0,0,,,,,,0,,,,,0,,,,,0,,0,,,,0,0,,,,,,,,,,,,,,,,,,,,,,,,,,,,,,,,,,,,,,,,,,,,,,,,,,,,,,,,0,,,,,,0,0,,,,,0,,,,0,0,,,,,1,C.Wadman,Colby Wadman,C.Wadman BHM,0,0,0,0,0,0,0,,,,0,0,0,,,,,0,0,,,,,0,,,,,,,,,0,0,,,,0,0,0,0,,,,0,,,,,,,0,0,0,,,,0,,,,,,,0,0,,,,0,0,0,,,,0,,,,,,,,,,,,,,,,,,,
78,"J.Howard rushed left guard for 0 yards. Tackled by O.Fatukasi, R.Correia at STL 14.",4/12/2026,The Dome at America's Center,STL,BHM,13,7,13,7,2,0,52,,,,,STL 14,86,1,10,STL,BHM,0,1,0,,,0,0,,,,0,0,,,0,0,,0,0,0,0,0,,,,0,1,J.Howard,Jarveon Howard,J.Howard STL,0,0,0,0,Left Guard,0,,,,,,0,0,,,,,,0,,,,,0,,,,,0,,0,,,,0,0,,,,,,,,,,,,,,,,,,,,,,,,,,,,,,,,,,,,,,,,,,,,,,,,,,,,,,,,0,,,,,,0,0,,,,,0,,,,0,0,,,,,0,,,,0,0,0,0,0,0,0,,,,0,0,0,,,,,0,0,,,,,0,,,,,,,,,0,0,,,,0,0,0,0,,,,0,,,,,,,0,0,0,,,,0,,,,,,,0,0,,,,0,0,0,,,,0,,,,,,,,,,,,,,,,,,,
79,Timeout #2 by BHM.,4/12/2026,The Dome at America's Center,STL,BHM,13,7,13,7,,0,44,,,,,,,,,STL,BHM,0,0,0,,,0,0,,,,0,0,,,0,0,,0,0,0,0,0,,,,0,0,,,,0,0,,0,,0,,,,,,0,0,,,,,,0,,,,,0,,,,,0,,0,,,,0,0,,,,,,,,,,,,,,,,,,,,,,,,,,,,,,,,,,,,,,,,,,,,,,,,,,,,,,,,0,,,,,,0,0,,,,,0,,,,0,0,,,,,0,,,,0,0,0,0,0,0,0,,,,0,0,0,,,,,0,0,,,,,0,,,,,,,,,0,0,,,,0,0,0,0,,,,0,,,,,,,0,0,0,,,,0,,,,,,,0,0,,,,0,0,0,,,,0,,,,,,,,,,,,,,,,,,,
80,R.Harris rushed up the middle for 9 yards. Tackled by A.Cook at STL 23.,4/12/2026,The Dome at America's Center,STL,BHM,13,7,13,7,2,0,44,,,,,STL 14,86,2,10,STL,BHM,0,1,0,,,0,0,,,,0,0,,,0,0,,0,0,0,0,0,,,,0,1,R.Harris,Rahjai Harris,R.Harris STL,0,0,9,0,Middle,0,,,,,,0,0,,,,,,0,,,,,0,,,,,0,,0,,,,0,0,,,,,,,,,,,,,,,,,,,,,,,,,,,,,,,,,,,,,,,,,,,,,,,,,,,,,,,,0,,,,,,0,0,,,,,0,,,,0,0,,,,,0,,,,0,0,0,0,0,0,0,,,,0,0,0,,,,,0,0,,,,,0,,,,,,,,,0,0,,,,0,0,0,0,,,,0,,,,,,,0,0,0,,,,0,,,,,,,0,0,,,,0,0,0,,,,0,,,,,,,,,,,,,,,,,,,
81,K.Latulas rushed right guard for 4 yards. Tackled by P.Winfrey at STL 27.,4/12/2026,The Dome at America's Center,STL,BHM,13,7,13,7,2,0,32,,,,,STL 23,77,3,1,STL,BHM,0,1,0,,,0,0,,,,0,0,,,0,0,,0,0,0,0,0,,,,0,1,K.Latulas,Kevon Latulas,K.Latulas STL,0,0,4,0,Right Guard,0,,,,,,0,0,,,,,,0,,,,,0,,,,,0,,0,,,,0,0,,,,,,,,,,,,,,,,,,,,,,,,,,,,,,,,,,,,,,,,,,,,,,,,,,,,,,,,0,,,,,,0,0,,,,,0,,,,0,0,,,,,0,,,,0,0,0,0,0,0,0,,,,0,0,0,,,,,0,0,,,,,0,,,,,,,,,0,0,,,,0,0,0,0,,,,0,,,,,,,0,0,0,,,,0,,,,,,,0,0,,,,0,0,0,,,,0,,,,,,,,,,,,,,,,,,,
82,End Quarter 2,4/12/2026,The Dome at America's Center,STL,BHM,13,7,,,,0,0,,,,,,,,,,,0,0,0,,,0,0,,,,0,0,,,0,0,,0,0,0,0,0,,,,0,0,,,,0,0,,0,,0,,,,,,0,0,,,,,,0,,,,,0,,,,,0,,0,,,,0,0,,,,,,,,,,,,,,,,,,,,,,,,,,,,,,,,,,,,,,,,,,,,,,,,,,,,,,,,0,,,,,,0,0,,,,,0,,,,0,0,,,,,0,,,,0,0,0,0,0,0,0,,,,0,0,0,,,,,0,0,,,,,0,,,,,,,,,0,0,,,,0,0,0,0,,,,0,,,,,,,0,0,0,,,,0,,,,,,,0,0,,,,0,0,0,,,,0,,,,,,,,,,,,,,,,,,,
83,R.Sanborn kicks 62 yards from STL 30 to the BHM 8. L.Shenault returns the kickoff. Tackled by T.Neville; K.Latulas at BHM 33.,4/12/2026,The Dome at America's Center,STL,BHM,13,7,,,3,15,0,,,,,STL 30,30,,,,,0,0,0,,,0,0,,,,0,0,,,0,0,,0,0,0,0,0,,,,0,0,,,,0,0,,0,,0,,,,,,0,0,,,,,,0,,,,,0,,,,,0,,0,,,,0,0,,,,,,,,,,,,,,,,,,,,,,,,,,,,,,,,,,,,,,,,,,,,,,,,,,,,,,,,1,STL,BHM,R.Sanborn,Ryan Sanborn,R.Sanborn STL,0,0,,,,,1,L.Shenault,Laviska Shenault Jr.,L.Shenault BHM,0,0,,,,,0,,,,0,0,0,0,0,0,0,,,,0,0,0,,,,,0,0,,,,,0,,,,,,,,,0,0,,,,0,0,0,0,,,,0,,,,,,,0,0,0,,,,0,,,,,,,0,0,,,,0,0,0,,,,0,,,,,,,,,,,,,,,,,,,
84,A.McFarland rushed left guard for 11 yards. Tackled by T.Feeney at BHM 44.,4/12/2026,The Dome at America's Center,STL,BHM,13,7,7,13,3,14,53,,,,,BHM 33,67,1,10,BHM,STL,0,1,0,,,0,0,,,,0,0,,,0,0,,0,0,0,0,0,,,,0,1,A.McFarland,Anthony McFarland Jr.,A.McFarland BHM,0,0,11,0,Left Guard,0,,,,,,0,0,,,,,,0,,,,,0,,,,,0,,0,,,,0,0,,,,,,,,,,,,,,,,,,,,,,,,,,,,,,,,,,,,,,,,,,,,,,,,,,,,,,,,0,,,,,,0,0,,,,,0,,,,0,0,,,,,0,,,,0,0,0,0,0,0,0,,,,0,0,0,,,,,0,0,,,,,0,,,,,,,,,0,0,,,,0,0,0,0,,,,0,,,,,,,0,0,0,,,,0,,,,,,,0,0,,,,0,0,0,,,,0,,,,,,,,,,,,,,,,,,,
85,"A.McFarland rushed up the middle for 0 yards. Tackled by D.Isom, P.Taumoepenu at BHM 44.",4/12/2026,The Dome at America's Center,STL,BHM,13,7,7,13,3,14,20,,,,,BHM 44,56,1,10,BHM,STL,0,1,0,,,0,0,,,,0,0,,,0,0,,0,0,0,0,0,,,,0,1,A.McFarland,Anthony McFarland Jr.,A.McFarland BHM,0,0,0,0,Middle,0,,,,,,0,0,,,,,,0,,,,,0,,,,,0,,0,,,,0,0,,,,,,,,,,,,,,,,,,,,,,,,,,,,,,,,,,,,,,,,,,,,,,,,,,,,,,,,0,,,,,,0,0,,,,,0,,,,0,0,,,,,0,,,,0,0,0,0,0,0,0,,,,0,0,0,,,,,0,0,,,,,0,,,,,,,,,0,0,,,,0,0,0,0,,,,0,,,,,,,0,0,0,,,,0,,,,,,,0,0,,,,0,0,0,,,,0,,,,,,,,,,,,,,,,,,,
86,M.Corral pass deep right complete. Catch made by D.Cain for 40 yards. Pushed out of bounds by M.Sims at STL 16.,4/12/2026,The Dome at America's Center,STL,BHM,13,7,7,13,3,13,45,,,,,BHM 44,56,2,10,BHM,STL,1,0,0,,,0,0,M.Corral,Matt Corral,M.Corral BHM,1,1,,Deep Right,1,0,40,0,0,0,1,1,D.Cain,Deon Cain,D.Cain BHM,0,0,,,,0,0,,0,,0,,,,,,0,0,,,,,,0,,,,,0,,,,,0,,0,,,,0,0,,,,,,,,,,,,,,,,,,,,,,,,,,,,,,,,,,,,,,,,,,,,,,,,,,,,,,,,0,,,,,,0,0,,,,,0,,,,0,0,,,,,0,,,,0,0,0,0,0,0,0,,,,0,0,0,,,,,0,0,,,,,0,,,,,,,,,0,0,,,,0,0,0,0,,,,0,,,,,,,0,0,0,,,,0,,,,,,,0,0,,,,0,0,0,,,,0,,,,,,,,,,,,,,,,,,,
87,M.Corral steps back to pass. Pass incomplete short left intended for J.Thomas.,4/12/2026,The Dome at America's Center,STL,BHM,13,7,7,13,3,13,18,,,,,STL 16,16,1,10,BHM,STL,1,0,0,,,0,0,M.Corral,Matt Corral,M.Corral BHM,1,1,,,0,1,,0,0,0,1,0,J.Thomas,Jordan Thomas,J.Thomas BHM,0,0,,,,0,0,,0,,0,,,,,,0,0,,,,,,0,,,,,0,,,,,0,,0,,,,0,0,,,,,,,,,,,,,,,,,,,,,,,,,,,,,,,,,,,,,,,,,,,,,,,,,,,,,,,,0,,,,,,0,0,,,,,0,,,,0,0,,,,,0,,,,0,0,0,0,0,0,0,,,,0,0,0,,,,,0,0,,,,,0,,,,,,,,,0,0,,,,0,0,0,0,,,,0,,,,,,,0,0,0,,,,0,,,,,,,0,0,,,,0,0,0,,,,0,,,,,,,,,,,,,,,,,,,
88,M.Corral steps back to pass. Pass incomplete short left intended for J.Ross [C.Davis].,4/12/2026,The Dome at America's Center,STL,BHM,13,7,7,13,3,12,46,,,,,STL 16,16,2,10,BHM,STL,1,0,0,,,0,0,M.Corral,Matt Corral,M.Corral BHM,1,1,,,0,1,,0,0,0,1,0,J.Ross,Justyn Ross,J.Ross BHM,0,0,,,,0,0,,0,,0,,,,,,0,0,,,,,,0,,,,,0,,,,,0,,0,,,,0,0,,,,,,,,,,,,,,,,,,,,,,,,,,,,,,,,,,,,,,,,,,,,,,,,,,,,,,,,0,,,,,,0,0,,,,,0,,,,0,0,,,,,0,,,,0,0,0,0,0,0,0,,,,0,0,0,,,,,0,0,,,,,0,,,,,,,,,0,0,,,,0,0,0,0,,,,0,,,,,,,0,0,0,,,,0,,,,,,,0,0,,,,0,0,0,,,,0,,,,,,,,,,,,,,,,,,,
89,M.Corral steps back to pass. Pass incomplete short right intended for J.Ross (M.Sims).,4/12/2026,The Dome at America's Center,STL,BHM,13,7,7,13,3,12,14,,,,,STL 16,16,3,10,BHM,STL,1,0,0,,,0,0,M.Corral,Matt Corral,M.Corral BHM,1,1,,,0,1,,0,0,0,1,0,J.Ross,Justyn Ross,J.Ross BHM,0,0,,,,0,0,,0,,0,,,,,,0,0,,,,,,0,,,,,0,,,,,0,,0,,,,0,0,,,,,,,,,,,,,,,,,,,,,,,,,,,,,,,,,,,,,,,,,,,,,,,,,,,,,,,,0,,,,,,0,0,,,,,0,,,,0,0,,,,,0,,,,0,0,0,0,0,0,0,,,,0,0,0,,,,,0,0,,,,,0,,,,,,,,,0,0,,,,0,0,0,0,,,,0,,,,,,,0,0,0,,,,0,,,,,,,0,0,,,,0,0,0,,,,0,,,,,,,,,,,,,,,,,,,
90,"J.Garibay 34 yard field goal attempt is good, Center-R.Langan, Holder-C.Wadman.",4/12/2026,The Dome at America's Center,STL,BHM,13,10,10,13,3,11,38,,,,,STL 16,16,4,10,BHM,STL,0,0,0,,,0,0,,,,0,0,,,0,0,,0,0,0,0,0,,,,0,0,,,,0,0,,0,,0,,,,,,0,0,,,,,,0,,,,,0,,,,,0,,0,,,,0,0,,,,,,,,,,,,,,,,,,,,,,,,,,,,,,,,,,,,,,,,,,,,,,,,,,,,,,,,0,,,,,,0,0,,,,,0,,,,0,0,,,,,0,,,,0,0,0,0,0,0,0,,,,0,0,0,,,,,1,1,J.Garibay,Jonathan Garibay,J.Garibay BHM,34,0,,,,,,,,,0,0,,,,0,0,0,0,,,,0,,,,,,,0,0,0,,,,0,,,,,,,0,0,,,,0,0,0,,,,0,,,,,,,,,,,,,,,,,,,
91,J.Garibay kicks 67 yards from BHM 30 to the STL 3. S.Fresch returns the kickoff. Pushed out of bounds by R.Cooper at STL 35.,4/12/2026,The Dome at America's Center,STL,BHM,13,10,,,3,11,32,,,,,BHM 30,30,,,,,0,0,0,,,0,0,,,,0,0,,,0,0,,0,0,0,0,0,,,,0,0,,,,0,0,,0,,0,,,,,,0,0,,,,,,0,,,,,0,,,,,0,,0,,,,0,0,,,,,,,,,,,,,,,,,,,,,,,,,,,,,,,,,,,,,,,,,,,,,,,,,,,,,,,,1,BHM,STL,J.Garibay,Jonathan Garibay,J.Garibay BHM,0,1,,,,,1,S.Fresch,Sean Fresch,S.Fresch STL,0,0,,,,,0,,,,0,0,0,0,0,0,0,,,,0,0,0,,,,,0,0,,,,,0,,,,,,,,,0,0,,,,0,0,0,0,,,,0,,,,,,,0,0,0,,,,0,,,,,,,0,0,,,,0,0,0,,,,0,,,,,,,,,,,,,,,,,,,
92,H.Frost pass short left INTERCEPTED at STL 40. Intercepted by M.Goodrich at STL 40. TOUCHDOWN.,4/12/2026,The Dome at America's Center,STL,BHM,13,16,13,16,3,11,27,,,,,STL 35,65,1,10,STL,BHM,1,0,0,,,0,0,H.Frost,Harrison Frost,H.Frost STL,1,1,,Short Left,0,0,,0,1,1,0,0,,,,0,0,,,,0,0,,0,,0,,,,,,0,0,,,,,,0,,,,,0,,,,,0,,0,,,,0,0,,,,,,,,,,,,,,,,,,,,,,,,,,,,,,,,,,,,,,,,,,,,,,,,,,,,,,,,0,,,,,,0,0,,,,,0,,,,0,0,,,,,0,,,,0,0,0,0,0,0,0,,,,0,0,0,,,,,0,0,,,,,0,,,,,,,,,0,0,,,,0,0,0,0,,,,0,,,,,,,0,0,0,,,,0,,,,,,,0,0,,,,0,0,0,,,,0,,,,,,,,,,,,,,,,,,,
93,J.Garibay extra point is no good.,4/12/2026,The Dome at America's Center,STL,BHM,13,16,16,13,3,11,21,,,,,STL 15,15,,,BHM,STL,0,0,0,,,0,0,,,,0,0,,,0,0,,0,0,0,0,0,,,,0,0,,,,0,0,,0,,0,,,,,,0,0,,,,,,0,,,,,0,,,,,0,,0,,,,0,0,,,,,,,,,,,,,,,,,,,,,,,,,,,,,,,,,,,,,,,,,,,,,,,,,,,,,,,,0,BHM,,,,,0,0,,,,,0,,,,0,0,,,,,0,,,,0,0,0,0,0,0,0,,,,0,0,0,,,,,0,0,,,,,0,,,,,,,,,0,0,,,,0,1,0,0,,,,0,,,,,,,0,0,0,,,,0,,,,,,,0,0,,,,0,0,0,,,,0,,,,,,,,,,,,,,,,,,,
94,J.Garibay kicks 65 yards from BHM 30 to the STL 5. G.Jennings returns the kickoff. Tackled by L.Shenault at STL 32.,4/12/2026,The Dome at America's Center,STL,BHM,13,16,,,3,11,21,,,,,BHM 30,30,,,,,0,0,0,,,0,0,,,,0,0,,,0,0,,0,0,0,0,0,,,,0,0,,,,0,0,,0,,0,,,,,,0,0,,,,,,0,,,,,0,,,,,0,,0,,,,0,0,,,,,,,,,,,,,,,,,,,,,,,,,,,,,,,,,,,,,,,,,,,,,,,,,,,,,,,,1,BHM,STL,J.Garibay,Jonathan Garibay,J.Garibay BHM,0,0,,,,,1,G.Jennings,Gary Jennings Jr.,G.Jennings STL,0,0,,,,,0,,,,0,0,0,0,0,0,0,,,,0,0,0,,,,,0,0,,,,,0,,,,,,,,,0,0,,,,0,0,0,0,,,,0,,,,,,,0,0,0,,,,0,,,,,,,0,0,,,,0,0,0,,,,0,,,,,,,,,,,,,,,,,,,
95,J.Howard rushed right tackle for 4 yards. Tackled by A.Bledsoe at STL 36.,4/12/2026,The Dome at America's Center,STL,BHM,13,16,13,16,3,11,15,,,,,STL 32,68,1,10,STL,BHM,0,1,0,,,0,0,,,,0,0,,,0,0,,0,0,0,0,0,,,,0,1,J.Howard,Jarveon Howard,J.Howard STL,0,0,4,0,Right Tackle,0,,,,,,0,0,,,,,,0,,,,,0,,,,,0,,0,,,,0,0,,,,,,,,,,,,,,,,,,,,,,,,,,,,,,,,,,,,,,,,,,,,,,,,,,,,,,,,0,,,,,,0,0,,,,,0,,,,0,0,,,,,0,,,,0,0,0,0,0,0,0,,,,0,0,0,,,,,0,0,,,,,0,,,,,,,,,0,0,,,,0,0,0,0,,,,0,,,,,,,0,0,0,,,,0,,,,,,,0,0,,,,0,0,0,,,,0,,,,,,,,,,,,,,,,,,,
96,J.Howard rushed right guard for 3 yards. Tackled by A.Cook at STL 39.,4/12/2026,The Dome at America's Center,STL,BHM,13,16,13,16,3,10,44,,,,,STL 36,64,2,6,STL,BHM,0,1,0,,,0,0,,,,0,0,,,0,0,,0,0,0,0,0,,,,0,1,J.Howard,Jarveon Howard,J.Howard STL,0,0,3,0,Right Guard,0,,,,,,0,0,,,,,,0,,,,,0,,,,,0,,0,,,,0,0,,,,,,,,,,,,,,,,,,,,,,,,,,,,,,,,,,,,,,,,,,,,,,,,,,,,,,,,0,,,,,,0,0,,,,,0,,,,0,0,,,,,0,,,,0,0,0,0,0,0,0,,,,0,0,0,,,,,0,0,,,,,0,,,,,,,,,0,0,,,,0,0,0,0,,,,0,,,,,,,0,0,0,,,,0,,,,,,,0,0,,,,0,0,0,,,,0,,,,,,,,,,,,,,,,,,,
97,H.Frost pass short left INTERCEPTED at STL 41. Intercepted by L.Denis at STL 41. Tackled by J.Pearson at STL 37.,4/12/2026,The Dome at America's Center,STL,BHM,13,16,13,16,3,10,8,,,,,STL 39,61,3,3,STL,BHM,1,0,0,,,0,0,H.Frost,Harrison Frost,H.Frost STL,1,1,,Short Left,0,0,,0,1,0,0,0,,,,0,0,,,,0,0,,0,,0,,,,,,0,0,,,,,,0,,,,,0,,,,,0,,0,,,,0,0,,,,,,,,,,,,,,,,,,,,,,,,,,,,,,,,,,,,,,,,,,,,,,,,,,,,,,,,0,,,,,,0,0,,,,,0,,,,0,0,,,,,0,,,,0,0,0,0,0,0,0,,,,0,0,0,,,,,0,0,,,,,0,,,,,,,,,0,0,,,,0,0,0,0,,,,0,,,,,,,0,0,0,,,,0,,,,,,,0,0,,,,0,0,0,,,,0,,,,,,,,,,,,,,,,,,,
98,M.Corral steps back to pass. Pass incomplete deep left intended for D.Cain.,4/12/2026,The Dome at America's Center,STL,BHM,13,16,16,13,3,9,58,,,,,STL 37,37,1,10,BHM,STL,1,0,0,,,0,0,M.Corral,Matt Corral,M.Corral BHM,1,1,,,0,1,,0,0,0,1,0,D.Cain,Deon Cain,D.Cain BHM,0,0,,,,0,0,,0,,0,,,,,,0,0,,,,,,0,,,,,0,,,,,0,,0,,,,0,0,,,,,,,,,,,,,,,,,,,,,,,,,,,,,,,,,,,,,,,,,,,,,,,,,,,,,,,,0,,,,,,0,0,,,,,0,,,,0,0,,,,,0,,,,0,0,0,0,0,0,0,,,,0,0,0,,,,,0,0,,,,,0,,,,,,,,,0,0,,,,0,0,0,0,,,,0,,,,,,,0,0,0,,,,0,,,,,,,0,0,,,,0,0,0,,,,0,,,,,,,,,,,,,,,,,,,
99,M.Corral pass short right complete. Catch made by J.Ross for 7 yards. Tackled by M.Ojemudia at STL 30.,4/12/2026,The Dome at America's Center,STL,BHM,13,16,16,13,3,9,27,,,,,STL 37,37,2,10,BHM,STL,1,0,0,,,0,0,M.Corral,Matt Corral,M.Corral BHM,1,1,,Short Right,1,0,7,0,0,0,1,1,J.Ross,Justyn Ross,J.Ross BHM,0,0,,,,0,0,,0,,0,,,,,,0,0,,,,,,0,,,,,0,,,,,0,,0,,,,0,0,,,,,,,,,,,,,,,,,,,,,,,,,,,,,,,,,,,,,,,,,,,,,,,,,,,,,,,,0,,,,,,0,0,,,,,0,,,,0,0,,,,,0,,,,0,0,0,0,0,0,0,,,,0,0,0,,,,,0,0,,,,,0,,,,,,,,,0,0,,,,0,0,0,0,,,,0,,,,,,,0,0,0,,,,0,,,,,,,0,0,,,,0,0,0,,,,0,,,,,,,,,,,,,,,,,,,
100,"PENALTY on BHM-BHM, False Start, 5 yards, accepted. No Play.",4/12/2026,The Dome at America's Center,STL,BHM,13,16,16,13,3,8,58,,,,,STL 30,30,3,3,BHM,STL,0,0,1,,,0,0,,,,0,0,,,0,0,,0,0,0,0,0,,,,0,0,,,,0,0,,0,,0,,,,,,0,0,,,,,,0,,,,,0,,,,,0,,0,,,,0,0,,,,,,,,,,,,,,,,,,,,,,,,,,,,,,,,,,,,,,,,,,,,,,,,,,,,,,,,0,,,,,,0,0,,,,,0,,,,0,0,,,,,0,,,,0,0,0,0,0,0,0,,,,0,0,0,,,,,0,0,,,,,0,,,,,,,,,0,0,,,,0,0,0,0,,,,0,,,,,,,0,0,0,,,,0,,,,,,,0,0,,,,0,0,0,,,,0,,,,,,,,,,,,,,,,,,,
101,M.Corral pass short left complete. Catch made by D.Cain for 9 yards. Pushed out of bounds by M.Ojemudia at STL 26.,4/12/2026,The Dome at America's Center,STL,BHM,13,16,16,13,3,8,18,,,,,STL 35,35,3,8,BHM,STL,1,0,0,,,0,0,M.Corral,Matt Corral,M.Corral BHM,1,1,,Short Left,1,0,9,0,0,0,1,1,D.Cain,Deon Cain,D.Cain BHM,0,0,,,,0,0,,0,,0,,,,,,0,0,,,,,,0,,,,,0,,,,,0,,0,,,,0,0,,,,,,,,,,,,,,,,,,,,,,,,,,,,,,,,,,,,,,,,,,,,,,,,,,,,,,,,0,,,,,,0,0,,,,,0,,,,0,0,,,,,0,,,,0,0,0,0,0,0,0,,,,0,0,0,,,,,0,0,,,,,0,,,,,,,,,0,0,,,,0,0,0,0,,,,0,,,,,,,0,0,0,,,,0,,,,,,,0,0,,,,0,0,0,,,,0,,,,,,,,,,,,,,,,,,,
102,M.Corral steps back to pass. Pass incomplete short right intended for J.Ross (J.Mosley).,4/12/2026,The Dome at America's Center,STL,BHM,13,16,16,13,3,7,42,,,,,STL 26,26,1,10,BHM,STL,1,0,0,,,0,0,M.Corral,Matt Corral,M.Corral BHM,1,1,,,0,1,,0,0,0,1,0,J.Ross,Justyn Ross,J.Ross BHM,0,0,,,,0,0,,0,,0,,,,,,0,0,,,,,,0,,,,,0,,,,,0,,0,,,,0,0,,,,,,,,,,,,,,,,,,,,,,,,,,,,,,,,,,,,,,,,,,,,,,,,,,,,,,,,0,,,,,,0,0,,,,,0,,,,0,0,,,,,0,,,,0,0,0,0,0,0,0,,,,0,0,0,,,,,0,0,,,,,0,,,,,,,,,0,0,,,,0,0,0,0,,,,0,,,,,,,0,0,0,,,,0,,,,,,,0,0,,,,0,0,0,,,,0,,,,,,,,,,,,,,,,,,,
103,"M.Corral steps back to pass. Pass incomplete deep right intended for L.Shenault (M.Ojemudia). PENALTY on STL-C.Davis, Roughing the Passer, 13 yards, accepted. No Play.",4/12/2026,The Dome at America's Center,STL,BHM,13,16,16,13,3,7,12,,,,,STL 26,26,2,10,BHM,STL,1,0,1,,,0,0,M.Corral,Matt Corral,M.Corral BHM,1,1,,,0,1,,0,0,0,1,0,L.Shenault,Laviska Shenault Jr.,L.Shenault BHM,0,0,,,,0,0,,0,,0,,,,,,0,0,,,,,,0,,,,,0,,,,,0,,0,,,,1,0,STL,C.Davis,Carlos Davis,C.Davis STL,13,,,,,,,,,,,,,,,,,,,,,,,,,,,,,,,,,,,1,,,,,,,,,,,,,,,,0,,,,,,0,0,,,,,0,,,,0,0,,,,,0,,,,0,0,0,0,0,0,0,,,,0,0,0,,,,,0,0,,,,,0,,,,,,,,,0,0,,,,0,0,0,0,,,,0,,,,,,,0,0,0,,,,0,,,,,,,0,0,,,,0,0,0,,,,0,,,,,,,,,,,,,,,,,,,
104,"PENALTY on BHM-Z.Johnson, False Start, 5 yards, accepted. No Play.",4/12/2026,The Dome at America's Center,STL,BHM,13,16,16,13,3,6,59,,,,,STL 13,13,1,10,BHM,STL,0,0,1,,,0,0,,,,0,0,,,0,0,,0,0,0,0,0,,,,0,0,,,,0,0,,0,,0,,,,,,0,0,,,,,,0,,,,,0,,,,,0,,0,,,,1,0,BHM,Z.Johnson,Zack Johnson,Z.Johnson BHM,5,1,,,,,,,,,,,,,,,,,,,,,,,,,,,,,,,,,,,,,,,,,,,,,,,,,,0,,,,,,0,0,,,,,0,,,,0,0,,,,,0,,,,0,0,0,0,0,0,0,,,,0,0,0,,,,,0,0,,,,,0,,,,,,,,,0,0,,,,0,0,0,0,,,,0,,,,,,,0,0,0,,,,0,,,,,,,0,0,,,,0,0,0,,,,0,,,,,,,,,,,,,,,,,,,
105,"A.McFarland rushed left end for 17 yards. A.McFarland FUMBLES, forced by J.Mosley. Out of bounds.",4/12/2026,The Dome at America's Center,STL,BHM,13,16,16,13,3,6,39,,,,,STL 18,18,1,15,BHM,STL,0,1,0,,,0,0,,,,0,0,,,0,0,,0,0,0,0,0,,,,0,1,A.McFarland,Anthony McFarland Jr.,A.McFarland BHM,0,0,17,0,Left End,1,,A.McFarland,Anthony McFarland Jr.,A.McFarland BHM,BHM,1,0,,,,,,0,,,,,0,,,,,0,,0,,,,0,0,,,,,,,,,,,,,,,,,,,,,,,,,,,,,,,,,,,,,,,,,,,,,,,,,,,,,,,,0,,,,,,0,0,,,,,0,,,,0,0,,,,,0,,,,0,0,0,0,0,0,0,,,,0,0,0,,,,,0,0,,,,,0,,,,,,,,,0,0,,,,0,0,0,0,,,,0,,,,,,,0,0,0,,,,0,,,,,,,0,0,,,,0,0,0,,,,0,,,,,,,,,,,,,,,,,,,
106,A.McFarland rushed left guard for 1 yards. TOUCHDOWN.,4/12/2026,The Dome at America's Center,STL,BHM,13,22,22,13,3,6,27,,,,,STL 1,1,1,1,BHM,STL,0,1,0,,,0,0,,,,0,0,,,0,0,,0,0,0,0,0,,,,0,1,A.McFarland,Anthony McFarland Jr.,A.McFarland BHM,0,0,1,1,Left Guard,0,,,,,,0,0,,,,,,0,,,,,0,,,,,0,,0,,,,0,0,,,,,,,,,,,,,,,,,,,,,,,,,,,,,,,,,,,,,,,,,,,,,,,,,,,,,,,,0,,,,,,0,0,,,,,0,,,,0,0,,,,,0,,,,0,0,0,0,0,0,0,,,,0,0,0,,,,,0,0,,,,,0,,,,,,,,,0,0,,,,0,0,0,0,,,,0,,,,,,,0,0,0,,,,0,,,,,,,0,0,,,,0,0,0,,,,0,,,,,,,,,,,,,,,,,,,
107,J.Garibay extra point is good.,4/12/2026,The Dome at America's Center,STL,BHM,13,23,23,13,3,6,21,,,,,STL 1,1,1,1,BHM,STL,0,0,0,,,0,0,,,,0,0,,,0,0,,0,0,0,0,0,,,,0,0,,,,0,0,,0,,0,,,,,,0,0,,,,,,0,,,,,0,,,,,0,,0,,,,0,0,,,,,,,,,,,,,,,,,,,,,,,,,,,,,,,,,,,,,,,,,,,,,,,,,,,,,,,,0,BHM,,,,,0,0,,,,,0,,,,0,0,,,,,0,,,,0,0,0,0,0,0,0,,,,0,0,0,,,,,0,0,,,,,0,,,,,,,,,0,0,,,,0,1,1,0,,,,0,,,,,,,0,0,0,,,,0,,,,,,,0,0,,,,0,0,0,,,,0,,,,,,,,,,,,,,,,,,,
108,J.Garibay kicks 61 yards from BHM 30 to the STL 9. S.Fresch returns the kickoff. Tackled by K.Jones; R.Cooper at STL 35.,4/12/2026,The Dome at America's Center,STL,BHM,13,23,,,3,6,21,,,,,BHM 30,30,,,,,0,0,0,,,0,0,,,,0,0,,,0,0,,0,0,0,0,0,,,,0,0,,,,0,0,,0,,0,,,,,,0,0,,,,,,0,,,,,0,,,,,0,,0,,,,0,0,,,,,,,,,,,,,,,,,,,,,,,,,,,,,,,,,,,,,,,,,,,,,,,,,,,,,,,,1,BHM,STL,J.Garibay,Jonathan Garibay,J.Garibay BHM,0,0,,,,,1,S.Fresch,Sean Fresch,S.Fresch STL,0,0,,,,,0,,,,0,0,0,0,0,0,0,,,,0,0,0,,,,,0,0,,,,,0,,,,,,,,,0,0,,,,0,0,0,0,,,,0,,,,,,,0,0,0,,,,0,,,,,,,0,0,,,,0,0,0,,,,0,,,,,,,,,,,,,,,,,,,
109,J.Howard rushed right guard for 6 yards. Tackled by T.Carter at STL 41.,4/12/2026,The Dome at America's Center,STL,BHM,13,23,13,23,3,6,14,,,,,STL 35,65,1,10,STL,BHM,0,1,0,,,0,0,,,,0,0,,,0,0,,0,0,0,0,0,,,,0,1,J.Howard,Jarveon Howard,J.Howard STL,0,0,6,0,Right Guard,0,,,,,,0,0,,,,,,0,,,,,0,,,,,0,,0,,,,0,0,,,,,,,,,,,,,,,,,,,,,,,,,,,,,,,,,,,,,,,,,,,,,,,,,,,,,,,,0,,,,,,0,0,,,,,0,,,,0,0,,,,,0,,,,0,0,0,0,0,0,0,,,,0,0,0,,,,,0,0,,,,,0,,,,,,,,,0,0,,,,0,0,0,0,,,,0,,,,,,,0,0,0,,,,0,,,,,,,0,0,,,,0,0,0,,,,0,,,,,,,,,,,,,,,,,,,
110,H.Frost steps back to pass. Pass incomplete short right intended for S.McBride (S.Gilmore).,4/12/2026,The Dome at America's Center,STL,BHM,13,23,13,23,3,5,41,,,,,STL 41,59,2,4,STL,BHM,1,0,0,,,0,0,H.Frost,Harrison Frost,H.Frost STL,1,1,,,0,1,,0,0,0,1,0,S.McBride,Steven McBride,S.McBride STL,0,0,,,,0,0,,0,,0,,,,,,0,0,,,,,,0,,,,,0,,,,,0,,0,,,,0,0,,,,,,,,,,,,,,,,,,,,,,,,,,,,,,,,,,,,,,,,,,,,,,,,,,,,,,,,0,,,,,,0,0,,,,,0,,,,0,0,,,,,0,,,,0,0,0,0,0,0,0,,,,0,0,0,,,,,0,0,,,,,0,,,,,,,,,0,0,,,,0,0,0,0,,,,0,,,,,,,0,0,0,,,,0,,,,,,,0,0,,,,0,0,0,,,,0,,,,,,,,,,,,,,,,,,,
111,H.Frost steps back to pass. Sacked at STL 36 for -5 yards (O.Fatukasi).,4/12/2026,The Dome at America's Center,STL,BHM,13,23,13,23,3,5,13,,,,,STL 41,59,3,4,STL,BHM,1,0,0,,,0,0,H.Frost,Harrison Frost,H.Frost STL,1,1,,,0,0,,0,0,0,0,0,,,,1,0,,,,0,0,,0,,0,,,,,,0,0,,,,,,0,,,,,0,,,,,0,,0,,,,0,0,,,,,,,,,,,,,,,,,,,,,,,,,,,,,,,,,,,,,,,,,,,,,,,,,,,,,,,,0,,,,,,0,0,,,,,0,,,,0,0,,,,,0,,,,0,0,0,0,0,0,0,,,,0,0,0,,,,,0,0,,,,,0,,,,,,,,,0,0,,,,0,0,0,0,,,,0,,,,,,,0,0,0,,,,0,,,,,,,0,0,,,,0,0,0,,,,0,,,,,,,,,,,,,,,,,,,
112,"R.Sanborn punts 58 yards to BHM 6, Center-M.Hembrough. J.Barber returned punt from the BHM 6. Tackled by J.Mosley at BHM 13.",4/12/2026,The Dome at America's Center,STL,BHM,13,23,13,23,3,4,38,,,,,STL 36,64,4,9,STL,BHM,0,0,0,,,0,0,,,,0,0,,,0,0,,0,0,0,0,0,,,,0,0,,,,0,0,,0,,0,,,,,,0,0,,,,,,0,,,,,0,,,,,0,,0,,,,0,0,,,,,,,,,,,,,,,,,,,,,,,,,,,,,,,,,,,,,,,,,,,,,,,,,,,,,,,,0,,,,,,0,0,,,,,0,,,,0,0,,,,,1,R.Sanborn,Ryan Sanborn,R.Sanborn STL,0,0,0,0,0,0,0,,,,0,0,0,,,,,0,0,,,,,0,,,,,,,,,0,0,,,,0,0,0,0,,,,0,,,,,,,0,0,0,,,,0,,,,,,,0,0,,,,0,0,0,,,,0,,,,,,,,,,,,,,,,,,,
113,S.Conner rushed right tackle for 0 yards. Tackled by T.Stallworth at BHM 13.,4/12/2026,The Dome at America's Center,STL,BHM,13,23,23,13,3,4,26,,,,,BHM 13,87,1,10,BHM,STL,0,1,0,,,0,0,,,,0,0,,,0,0,,0,0,0,0,0,,,,0,1,S.Conner,Snoop Conner,S.Conner BHM,0,0,0,0,Right Tackle,0,,,,,,0,0,,,,,,0,,,,,0,,,,,0,,0,,,,0,0,,,,,,,,,,,,,,,,,,,,,,,,,,,,,,,,,,,,,,,,,,,,,,,,,,,,,,,,0,,,,,,0,0,,,,,0,,,,0,0,,,,,0,,,,0,0,0,0,0,0,0,,,,0,0,0,,,,,0,0,,,,,0,,,,,,,,,0,0,,,,0,0,0,0,,,,0,,,,,,,0,0,0,,,,0,,,,,,,0,0,,,,0,0,0,,,,0,,,,,,,,,,,,,,,,,,,
114,M.Corral steps back to pass. Pass incomplete short right intended for D.Cain.,4/12/2026,The Dome at America's Center,STL,BHM,13,23,23,13,3,3,51,,,,,BHM 13,87,2,10,BHM,STL,1,0,0,,,0,0,M.Corral,Matt Corral,M.Corral BHM,1,1,,,0,1,,0,0,0,1,0,D.Cain,Deon Cain,D.Cain BHM,0,0,,,,0,0,,0,,0,,,,,,0,0,,,,,,0,,,,,0,,,,,0,,0,,,,0,0,,,,,,,,,,,,,,,,,,,,,,,,,,,,,,,,,,,,,,,,,,,,,,,,,,,,,,,,0,,,,,,0,0,,,,,0,,,,0,0,,,,,0,,,,0,0,0,0,0,0,0,,,,0,0,0,,,,,0,0,,,,,0,,,,,,,,,0,0,,,,0,0,0,0,,,,0,,,,,,,0,0,0,,,,0,,,,,,,0,0,,,,0,0,0,,,,0,,,,,,,,,,,,,,,,,,,
115,M.Corral pass short right complete. Catch made by J.Ross for 13 yards. Pushed out of bounds by J.Mosley; J.Williams at BHM 26.,4/12/2026,The Dome at America's Center,STL,BHM,13,23,23,13,3,3,19,,,,,BHM 13,87,3,10,BHM,STL,1,0,0,,,0,0,M.Corral,Matt Corral,M.Corral BHM,1,1,,Short Right,1,0,13,0,0,0,1,1,J.Ross,Justyn Ross,J.Ross BHM,0,0,,,,0,0,,0,,0,,,,,,0,0,,,,,,0,,,,,0,,,,,0,,0,,,,0,0,,,,,,,,,,,,,,,,,,,,,,,,,,,,,,,,,,,,,,,,,,,,,,,,,,,,,,,,0,,,,,,0,0,,,,,0,,,,0,0,,,,,0,,,,0,0,0,0,0,0,0,,,,0,0,0,,,,,0,0,,,,,0,,,,,,,,,0,0,,,,0,0,0,0,,,,0,,,,,,,0,0,0,,,,0,,,,,,,0,0,,,,0,0,0,,,,0,,,,,,,,,,,,,,,,,,,
116,A.McFarland rushed right end for -1 yards. Tackled by M.Sims at BHM 25.,4/12/2026,The Dome at America's Center,STL,BHM,13,23,23,13,3,2,44,,,,,BHM 26,74,1,10,BHM,STL,0,1,0,,,0,0,,,,0,0,,,0,0,,0,0,0,0,0,,,,0,1,A.McFarland,Anthony McFarland Jr.,A.McFarland BHM,0,0,-1,0,Right End,0,,,,,,0,0,,,,,,0,,,,,0,,,,,0,,0,,,,0,0,,,,,,,,,,,,,,,,,,,,,,,,,,,,,,,,,,,,,,,,,,,,,,,,,,,,,,,,0,,,,,,0,0,,,,,0,,,,0,0,,,,,0,,,,0,0,0,0,0,0,0,,,,0,0,0,,,,,0,0,,,,,0,,,,,,,,,0,0,,,,0,0,0,0,,,,0,,,,,,,0,0,0,,,,0,,,,,,,0,0,,,,0,0,0,,,,0,,,,,,,,,,,,,,,,,,,
117,M.Corral FUMBLES (aborted). Fumble RECOVERED by BHM-M.Corral at BHM 25. M.Corral steps back to pass. Pass incomplete short right intended for J.Mickens.,4/12/2026,The Dome at America's Center,STL,BHM,13,23,23,13,3,2,5,,,,,BHM 25,75,2,11,BHM,STL,1,0,0,,,0,0,M.Corral,Matt Corral,M.Corral BHM,1,1,,,0,1,,0,0,0,1,0,J.Mickens,Jaydon Mickens,J.Mickens BHM,0,0,,,,0,0,,0,,1,,M.Corral,Matt Corral,M.Corral BHM,BHM,0,1,M.Corral,Matt Corral,M.Corral BHM,BHM,,0,,,,,0,,,,,0,,0,,,,0,0,,,,,,,,,,,,,,,,,,,,,,,,,,,,,,,,,,,,,,,,,,,,,,,,,,,,,,,,0,,,,,,0,0,,,,,0,,,,0,0,,,,,0,,,,0,0,0,0,0,0,0,,,,0,0,0,,,,,0,0,,,,,0,,,,,,,,,0,0,,,,0,0,0,0,,,,0,,,,,,,0,0,0,,,,0,,,,,,,0,0,,,,0,0,0,,,,0,,,,,,,,,,,,,,,,,,,
118,"PENALTY on BHM-Z.Johnson, False Start, 5 yards, accepted. No Play.",4/12/2026,The Dome at America's Center,STL,BHM,13,23,23,13,3,1,33,,,,,BHM 25,75,3,11,BHM,STL,0,0,1,,,0,0,,,,0,0,,,0,0,,0,0,0,0,0,,,,0,0,,,,0,0,,0,,0,,,,,,0,0,,,,,,0,,,,,0,,,,,0,,0,,,,1,0,BHM,Z.Johnson,Zack Johnson,Z.Johnson BHM,5,1,,,,,,,,,,,,,,,,,,,,,,,,,,,,,,,,,,,,,,,,,,,,,,,,,,0,,,,,,0,0,,,,,0,,,,0,0,,,,,0,,,,0,0,0,0,0,0,0,,,,0,0,0,,,,,0,0,,,,,0,,,,,,,,,0,0,,,,0,0,0,0,,,,0,,,,,,,0,0,0,,,,0,,,,,,,0,0,,,,0,0,0,,,,0,,,,,,,,,,,,,,,,,,,
119,"M.Corral pass short left complete. Catch made by J.Ross for 5 yards. Tackled by D.Isom, C.Davis at BHM 25.",4/12/2026,The Dome at America's Center,STL,BHM,13,23,23,13,3,1,21,,,,,BHM 20,80,3,16,BHM,STL,1,0,0,,,0,0,M.Corral,Matt Corral,M.Corral BHM,1,1,,Short Left,1,0,5,0,0,0,1,1,J.Ross,Justyn Ross,J.Ross BHM,0,0,,,,0,0,,0,,0,,,,,,0,0,,,,,,0,,,,,0,,,,,0,,0,,,,0,0,,,,,,,,,,,,,,,,,,,,,,,,,,,,,,,,,,,,,,,,,,,,,,,,,,,,,,,,0,,,,,,0,0,,,,,0,,,,0,0,,,,,0,,,,0,0,0,0,0,0,0,,,,0,0,0,,,,,0,0,,,,,0,,,,,,,,,0,0,,,,0,0,0,0,,,,0,,,,,,,0,0,0,,,,0,,,,,,,0,0,,,,0,0,0,,,,0,,,,,,,,,,,,,,,,,,,
120,"C.Wadman punts 30 yards to STL 45, Center-R.Langan. Out of bounds.",4/12/2026,The Dome at America's Center,STL,BHM,13,23,23,13,3,0,36,,,,,BHM 25,75,4,11,BHM,STL,0,0,0,,,0,0,,,,0,0,,,0,0,,0,0,0,0,0,,,,0,0,,,,0,0,,0,,0,,,,,,0,0,,,,,,0,,,,,0,,,,,0,,0,,,,0,0,,,,,,,,,,,,,,,,,,,,,,,,,,,,,,,,,,,,,,,,,,,,,,,,,,,,,,,,0,,,,,,0,0,,,,,0,,,,0,0,,,,,1,C.Wadman,Colby Wadman,C.Wadman BHM,0,1,0,0,0,0,0,,,,0,0,0,,,,,0,0,,,,,0,,,,,,,,,0,0,,,,0,0,0,0,,,,0,,,,,,,0,0,0,,,,0,,,,,,,0,0,,,,0,0,0,,,,0,,,,,,,,,,,,,,,,,,,
121,"K.Latulas rushed up the middle for 5 yards. Tackled by K.Jones at BHM 50. PENALTY on BHM-K.Tezino, Face Mask (15 Yards), 15 yards, accepted.",4/12/2026,The Dome at America's Center,STL,BHM,13,23,13,23,3,0,28,,,,,STL 45,55,1,10,STL,BHM,0,1,0,,,0,0,,,,0,0,,,0,0,,0,0,0,0,0,,,,0,1,K.Latulas,Kevon Latulas,K.Latulas STL,0,0,5,0,Middle,0,,,,,,0,0,,,,,,0,,,,,0,,,,,0,,0,,,,1,0,BHM,K.Tezino,Kyahva Tezino,K.Tezino BHM,15,,,,,,,,,,,,,,,,,,,,,,,,,,,,,,,,,,,,,,,,,,,,,,,,,,,0,,,,,,0,0,,,,,0,,,,0,0,,,,,0,,,,0,0,0,0,0,0,0,,,,0,0,0,,,,,0,0,,,,,0,,,,,,,,,0,0,,,,0,0,0,0,,,,0,,,,,,,0,0,0,,,,0,,,,,,,0,0,,,,0,0,0,,,,0,,,,,,,,,,,,,,,,,,,
122,H.Frost pass short right complete. Catch made by J.Pearson for 3 yards. Tackled by T.Crowder at BHM 32.,4/12/2026,The Dome at America's Center,STL,BHM,13,23,13,23,3,0,7,,,,,BHM 35,35,1,10,STL,BHM,1,0,0,,,0,0,H.Frost,Harrison Frost,H.Frost STL,1,1,,Short Right,1,0,3,0,0,0,1,1,J.Pearson,Jahcour Pearson,J.Pearson STL,0,0,,,,0,0,,0,,0,,,,,,0,0,,,,,,0,,,,,0,,,,,0,,0,,,,0,0,,,,,,,,,,,,,,,,,,,,,,,,,,,,,,,,,,,,,,,,,,,,,,,,,,,,,,,,0,,,,,,0,0,,,,,0,,,,0,0,,,,,0,,,,0,0,0,0,0,0,0,,,,0,0,0,,,,,0,0,,,,,0,,,,,,,,,0,0,,,,0,0,0,0,,,,0,,,,,,,0,0,0,,,,0,,,,,,,0,0,,,,0,0,0,,,,0,,,,,,,,,,,,,,,,,,,
123,End Quarter 3,4/12/2026,The Dome at America's Center,STL,BHM,13,23,,,,0,0,,,,,,,,,,,0,0,0,,,0,0,,,,0,0,,,0,0,,0,0,0,0,0,,,,0,0,,,,0,0,,0,,0,,,,,,0,0,,,,,,0,,,,,0,,,,,0,,0,,,,0,0,,,,,,,,,,,,,,,,,,,,,,,,,,,,,,,,,,,,,,,,,,,,,,,,,,,,,,,,0,,,,,,0,0,,,,,0,,,,0,0,,,,,0,,,,0,0,0,0,0,0,0,,,,0,0,0,,,,,0,0,,,,,0,,,,,,,,,0,0,,,,0,0,0,0,,,,0,,,,,,,0,0,0,,,,0,,,,,,,0,0,,,,0,0,0,,,,0,,,,,,,,,,,,,,,,,,,
124,H.Frost pass deep left complete. Catch made by H.Butler for 31 yards. Pushed out of bounds by R.Cooper at BHM 1. The Replay Official reviewed the pass completion and the play was upheld.,4/12/2026,The Dome at America's Center,STL,BHM,13,23,13,23,4,15,0,,,,,BHM 32,32,2,7,STL,BHM,1,0,0,1,upheld,0,0,H.Frost,Harrison Frost,H.Frost STL,1,1,,Deep Left,1,0,31,0,0,0,1,1,H.Butler,Hakeem Butler,H.Butler STL,0,0,,,,0,0,,0,,0,,,,,,0,0,,,,,,0,,,,,0,,,,,0,,0,,,,0,0,,,,,,,,,,,,,,,,,,,,,,,,,,,,,,,,,,,,,,,,,,,,,,,,,,,,,,,,0,,,,,,0,0,,,,,0,,,,0,0,,,,,0,,,,0,0,0,0,0,0,0,,,,0,0,0,,,,,0,0,,,,,0,,,,,,,,,0,0,,,,0,0,0,0,,,,0,,,,,,,0,0,0,,,,0,,,,,,,0,0,,,,0,0,0,,,,0,,,,,,,,,,,,,,,,,,,
125,J.Howard rushed up the middle for -1 yards. Tackled by P.Winfrey at BHM 2.,4/12/2026,The Dome at America's Center,STL,BHM,13,23,13,23,4,14,43,,,,,BHM 1,1,1,1,STL,BHM,0,1,0,,,0,0,,,,0,0,,,0,0,,0,0,0,0,0,,,,0,1,J.Howard,Jarveon Howard,J.Howard STL,0,0,-1,0,Middle,0,,,,,,0,0,,,,,,0,,,,,0,,,,,0,,0,,,,0,0,,,,,,,,,,,,,,,,,,,,,,,,,,,,,,,,,,,,,,,,,,,,,,,,,,,,,,,,0,,,,,,0,0,,,,,0,,,,0,0,,,,,0,,,,0,0,0,0,0,0,0,,,,0,0,0,,,,,0,0,,,,,0,,,,,,,,,0,0,,,,0,0,0,0,,,,0,,,,,,,0,0,0,,,,0,,,,,,,0,0,,,,0,0,0,,,,0,,,,,,,,,,,,,,,,,,,
126,H.Frost pass short right complete. Catch made by S.McBride for 2 yards. TOUCHDOWN.,4/12/2026,The Dome at America's Center,STL,BHM,19,23,19,23,4,14,5,,,,,BHM 2,2,2,2,STL,BHM,1,0,0,,,0,0,H.Frost,Harrison Frost,H.Frost STL,1,1,,Short Right,1,0,2,1,0,0,1,1,S.McBride,Steven McBride,S.McBride STL,0,0,,,,0,0,,0,,0,,,,,,0,0,,,,,,0,,,,,0,,,,,0,,0,,,,0,0,,,,,,,,,,,,,,,,,,,,,,,,,,,,,,,,,,,,,,,,,,,,,,,,,,,,,,,,0,,,,,,0,0,,,,,0,,,,0,0,,,,,0,,,,0,0,0,0,0,0,0,,,,0,0,0,,,,,0,0,,,,,0,,,,,,,,,0,0,,,,0,0,0,0,,,,0,,,,,,,0,0,0,,,,0,,,,,,,0,0,,,,0,0,0,,,,0,,,,,,,,,,,,,,,,,,,
127,T.McCann extra point is good.,4/12/2026,The Dome at America's Center,STL,BHM,20,23,20,23,4,13,52,,,,,BHM 15,15,,,STL,BHM,0,0,0,,,0,0,,,,0,0,,,0,0,,0,0,0,0,0,,,,0,0,,,,0,0,,0,,0,,,,,,0,0,,,,,,0,,,,,0,,,,,0,,0,,,,0,0,,,,,,,,,,,,,,,,,,,,,,,,,,,,,,,,,,,,,,,,,,,,,,,,,,,,,,,,0,STL,,,,,0,0,,,,,0,,,,0,0,,,,,0,,,,0,0,0,0,0,0,0,,,,0,0,0,,,,,0,0,,,,,0,,,,,,,,,0,0,,,,0,1,1,0,,,,0,,,,,,,0,0,0,,,,0,,,,,,,0,0,,,,0,0,0,,,,0,,,,,,,,,,,,,,,,,,,
128,R.Sanborn kicks 69 yards from STL 30 to the BHM 1. J.Ross returns the kickoff. Tackled by R.Sanborn at BHM 20.,4/12/2026,The Dome at America's Center,STL,BHM,20,23,,,4,13,52,,,,,STL 30,30,,,,,0,0,0,,,0,0,,,,0,0,,,0,0,,0,0,0,0,0,,,,0,0,,,,0,0,,0,,0,,,,,,0,0,,,,,,0,,,,,0,,,,,0,,0,,,,0,0,,,,,,,,,,,,,,,,,,,,,,,,,,,,,,,,,,,,,,,,,,,,,,,,,,,,,,,,1,STL,BHM,R.Sanborn,Ryan Sanborn,R.Sanborn STL,0,0,,,,,1,J.Ross,Justyn Ross,J.Ross BHM,0,0,,,,,0,,,,0,0,0,0,0,0,0,,,,0,0,0,,,,,0,0,,,,,0,,,,,,,,,0,0,,,,0,0,0,0,,,,0,,,,,,,0,0,0,,,,0,,,,,,,0,0,,,,0,0,0,,,,0,,,,,,,,,,,,,,,,,,,
129,A.McFarland rushed up the middle for 10 yards. Tackled by J.Mosley at BHM 30.,4/12/2026,The Dome at America's Center,STL,BHM,20,23,23,20,4,13,46,,,,,BHM 20,80,1,10,BHM,STL,0,1,0,,,0,0,,,,0,0,,,0,0,,0,0,0,0,0,,,,0,1,A.McFarland,Anthony McFarland Jr.,A.McFarland BHM,0,0,10,0,Middle,0,,,,,,0,0,,,,,,0,,,,,0,,,,,0,,0,,,,0,0,,,,,,,,,,,,,,,,,,,,,,,,,,,,,,,,,,,,,,,,,,,,,,,,,,,,,,,,0,,,,,,0,0,,,,,0,,,,0,0,,,,,0,,,,0,0,0,0,0,0,0,,,,0,0,0,,,,,0,0,,,,,0,,,,,,,,,0,0,,,,0,0,0,0,,,,0,,,,,,,0,0,0,,,,0,,,,,,,0,0,,,,0,0,0,,,,0,,,,,,,,,,,,,,,,,,,
130,A.McFarland rushed up the middle for 3 yards. Tackled by T.Stallworth at BHM 33.,4/12/2026,The Dome at America's Center,STL,BHM,20,23,23,20,4,13,12,,,,,BHM 30,70,1,10,BHM,STL,0,1,0,,,0,0,,,,0,0,,,0,0,,0,0,0,0,0,,,,0,1,A.McFarland,Anthony McFarland Jr.,A.McFarland BHM,0,0,3,0,Middle,0,,,,,,0,0,,,,,,0,,,,,0,,,,,0,,0,,,,0,0,,,,,,,,,,,,,,,,,,,,,,,,,,,,,,,,,,,,,,,,,,,,,,,,,,,,,,,,0,,,,,,0,0,,,,,0,,,,0,0,,,,,0,,,,0,0,0,0,0,0,0,,,,0,0,0,,,,,0,0,,,,,0,,,,,,,,,0,0,,,,0,0,0,0,,,,0,,,,,,,0,0,0,,,,0,,,,,,,0,0,,,,0,0,0,,,,0,,,,,,,,,,,,,,,,,,,
131,M.Corral pass deep left complete. Catch made by D.Cain for 67 yards. TOUCHDOWN.,4/12/2026,The Dome at America's Center,STL,BHM,20,29,29,20,4,12,33,,,,,BHM 33,67,2,7,BHM,STL,1,0,0,,,0,0,M.Corral,Matt Corral,M.Corral BHM,1,1,,Deep Left,1,0,67,1,0,0,1,1,D.Cain,Deon Cain,D.Cain BHM,0,0,,,,0,0,,0,,0,,,,,,0,0,,,,,,0,,,,,0,,,,,0,,0,,,,0,0,,,,,,,,,,,,,,,,,,,,,,,,,,,,,,,,,,,,,,,,,,,,,,,,,,,,,,,,0,,,,,,0,0,,,,,0,,,,0,0,,,,,0,,,,0,0,0,0,0,0,0,,,,0,0,0,,,,,0,0,,,,,0,,,,,,,,,0,0,,,,0,0,0,0,,,,0,,,,,,,0,0,0,,,,0,,,,,,,0,0,,,,0,0,0,,,,0,,,,,,,,,,,,,,,,,,,
132,J.Garibay extra point is good.,4/12/2026,The Dome at America's Center,STL,BHM,20,30,30,20,4,12,23,,,,,STL 15,15,,,BHM,STL,0,0,0,,,0,0,,,,0,0,,,0,0,,0,0,0,0,0,,,,0,0,,,,0,0,,0,,0,,,,,,0,0,,,,,,0,,,,,0,,,,,0,,0,,,,0,0,,,,,,,,,,,,,,,,,,,,,,,,,,,,,,,,,,,,,,,,,,,,,,,,,,,,,,,,0,BHM,,,,,0,0,,,,,0,,,,0,0,,,,,0,,,,0,0,0,0,0,0,0,,,,0,0,0,,,,,0,0,,,,,0,,,,,,,,,0,0,,,,0,1,1,0,,,,0,,,,,,,0,0,0,,,,0,,,,,,,0,0,,,,0,0,0,,,,0,,,,,,,,,,,,,,,,,,,
133,J.Garibay kicks 64 yards from BHM 30 to the STL 6. K.Latulas returns the kickoff. Pushed out of bounds by H.Clark at STL 31.,4/12/2026,The Dome at America's Center,STL,BHM,20,30,,,4,12,23,,,,,BHM 30,30,,,,,0,0,0,,,0,0,,,,0,0,,,0,0,,0,0,0,0,0,,,,0,0,,,,0,0,,0,,0,,,,,,0,0,,,,,,0,,,,,0,,,,,0,,0,,,,0,0,,,,,,,,,,,,,,,,,,,,,,,,,,,,,,,,,,,,,,,,,,,,,,,,,,,,,,,,1,BHM,STL,J.Garibay,Jonathan Garibay,J.Garibay BHM,0,1,,,,,1,K.Latulas,Kevon Latulas,K.Latulas STL,0,0,,,,,0,,,,0,0,0,0,0,0,0,,,,0,0,0,,,,,0,0,,,,,0,,,,,,,,,0,0,,,,0,0,0,0,,,,0,,,,,,,0,0,0,,,,0,,,,,,,0,0,,,,0,0,0,,,,0,,,,,,,,,,,,,,,,,,,
134,H.Frost steps back to pass. Pass incomplete deep left intended for B.Jackson.,4/12/2026,The Dome at America's Center,STL,BHM,20,30,20,30,4,12,18,,,,,STL 31,69,1,10,STL,BHM,1,0,0,,,0,0,H.Frost,Harrison Frost,H.Frost STL,1,1,,,0,1,,0,0,0,1,0,B.Jackson,Blake Jackson,B.Jackson STL,0,0,,,,0,0,,0,,0,,,,,,0,0,,,,,,0,,,,,0,,,,,0,,0,,,,0,0,,,,,,,,,,,,,,,,,,,,,,,,,,,,,,,,,,,,,,,,,,,,,,,,,,,,,,,,0,,,,,,0,0,,,,,0,,,,0,0,,,,,0,,,,0,0,0,0,0,0,0,,,,0,0,0,,,,,0,0,,,,,0,,,,,,,,,0,0,,,,0,0,0,0,,,,0,,,,,,,0,0,0,,,,0,,,,,,,0,0,,,,0,0,0,,,,0,,,,,,,,,,,,,,,,,,,
135,"H.Frost pass short middle complete. Catch made by K.Latulas for yards. Tackled by O.Fatukasi at STL 35. PENALTY on BHM-R.Correia, Defensive Offside, 5 yards, accepted. No Play.",4/12/2026,The Dome at America's Center,STL,BHM,20,30,20,30,4,11,48,,,,,STL 31,69,2,10,STL,BHM,1,0,1,,,0,0,H.Frost,Harrison Frost,H.Frost STL,1,1,,Short Middle,1,0,,0,0,0,1,1,K.Latulas,Kevon Latulas,K.Latulas STL,0,0,,,,0,0,,0,,0,,,,,,0,0,,,,,,0,,,,,0,,,,,0,,0,,,,1,0,BHM,R.Correia,Ricky Correia,R.Correia BHM,5,,,,,,,,,,,,,,,,,,,,,,,,,,,,,,,,1,,,,,,,,,,,,,,,,,,,0,,,,,,0,0,,,,,0,,,,0,0,,,,,0,,,,0,0,0,0,0,0,0,,,,0,0,0,,,,,0,0,,,,,0,,,,,,,,,0,0,,,,0,0,0,0,,,,0,,,,,,,0,0,0,,,,0,,,,,,,0,0,,,,0,0,0,,,,0,,,,,,,,,,,,,,,,,,,
136,H.Frost pass deep left complete. Catch made by H.Butler for 64 yards. TOUCHDOWN.,4/12/2026,The Dome at America's Center,STL,BHM,26,30,26,30,4,11,30,,,,,STL 36,64,2,5,STL,BHM,1,0,0,,,0,0,H.Frost,Harrison Frost,H.Frost STL,1,1,,Deep Left,1,0,64,1,0,0,1,1,H.Butler,Hakeem Butler,H.Butler STL,0,0,,,,0,0,,0,,0,,,,,,0,0,,,,,,0,,,,,0,,,,,0,,0,,,,0,0,,,,,,,,,,,,,,,,,,,,,,,,,,,,,,,,,,,,,,,,,,,,,,,,,,,,,,,,0,,,,,,0,0,,,,,0,,,,0,0,,,,,0,,,,0,0,0,0,0,0,0,,,,0,0,0,,,,,0,0,,,,,0,,,,,,,,,0,0,,,,0,0,0,0,,,,0,,,,,,,0,0,0,,,,0,,,,,,,0,0,,,,0,0,0,,,,0,,,,,,,,,,,,,,,,,,,
137,T.McCann extra point is good.,4/12/2026,The Dome at America's Center,STL,BHM,27,30,27,30,4,11,20,,,,,BHM 15,15,,,STL,BHM,0,0,0,,,0,0,,,,0,0,,,0,0,,0,0,0,0,0,,,,0,0,,,,0,0,,0,,0,,,,,,0,0,,,,,,0,,,,,0,,,,,0,,0,,,,0,0,,,,,,,,,,,,,,,,,,,,,,,,,,,,,,,,,,,,,,,,,,,,,,,,,,,,,,,,0,STL,,,,,0,0,,,,,0,,,,0,0,,,,,0,,,,0,0,0,0,0,0,0,,,,0,0,0,,,,,0,0,,,,,0,,,,,,,,,0,0,,,,0,1,1,0,,,,0,,,,,,,0,0,0,,,,0,,,,,,,0,0,,,,0,0,0,,,,0,,,,,,,,,,,,,,,,,,,
138,R.Sanborn kicks 69 yards from STL 30 to the BHM 1. L.Shenault returns the kickoff. Tackled by A.Beauplan at BHM 31.,4/12/2026,The Dome at America's Center,STL,BHM,27,30,,,4,11,20,,,,,STL 30,30,,,,,0,0,0,,,0,0,,,,0,0,,,0,0,,0,0,0,0,0,,,,0,0,,,,0,0,,0,,0,,,,,,0,0,,,,,,0,,,,,0,,,,,0,,0,,,,0,0,,,,,,,,,,,,,,,,,,,,,,,,,,,,,,,,,,,,,,,,,,,,,,,,,,,,,,,,1,STL,BHM,R.Sanborn,Ryan Sanborn,R.Sanborn STL,0,0,,,,,1,L.Shenault,Laviska Shenault Jr.,L.Shenault BHM,0,0,,,,,0,,,,0,0,0,0,0,0,0,,,,0,0,0,,,,,0,0,,,,,0,,,,,,,,,0,0,,,,0,0,0,0,,,,0,,,,,,,0,0,0,,,,0,,,,,,,0,0,,,,0,0,0,,,,0,,,,,,,,,,,,,,,,,,,
139,"S.Conner rushed left guard for 1 yards. Tackled by T.Feeney, T.Hawkins at BHM 32.",4/12/2026,The Dome at America's Center,STL,BHM,27,30,30,27,4,11,14,,,,,BHM 31,69,1,10,BHM,STL,0,1,0,,,0,0,,,,0,0,,,0,0,,0,0,0,0,0,,,,0,1,S.Conner,Snoop Conner,S.Conner BHM,0,0,1,0,Left Guard,0,,,,,,0,0,,,,,,0,,,,,0,,,,,0,,0,,,,0,0,,,,,,,,,,,,,,,,,,,,,,,,,,,,,,,,,,,,,,,,,,,,,,,,,,,,,,,,0,,,,,,0,0,,,,,0,,,,0,0,,,,,0,,,,0,0,0,0,0,0,0,,,,0,0,0,,,,,0,0,,,,,0,,,,,,,,,0,0,,,,0,0,0,0,,,,0,,,,,,,0,0,0,,,,0,,,,,,,0,0,,,,0,0,0,,,,0,,,,,,,,,,,,,,,,,,,
140,M.Corral pass deep left complete. Catch made by J.Ross for 17 yards. Pushed out of bounds by M.Ojemudia at BHM 49.,4/12/2026,The Dome at America's Center,STL,BHM,27,30,30,27,4,10,36,,,,,BHM 32,68,2,9,BHM,STL,1,0,0,,,0,0,M.Corral,Matt Corral,M.Corral BHM,1,1,,Deep Left,1,0,17,0,0,0,1,1,J.Ross,Justyn Ross,J.Ross BHM,0,0,,,,0,0,,0,,0,,,,,,0,0,,,,,,0,,,,,0,,,,,0,,0,,,,0,0,,,,,,,,,,,,,,,,,,,,,,,,,,,,,,,,,,,,,,,,,,,,,,,,,,,,,,,,0,,,,,,0,0,,,,,0,,,,0,0,,,,,0,,,,0,0,0,0,0,0,0,,,,0,0,0,,,,,0,0,,,,,0,,,,,,,,,0,0,,,,0,0,0,0,,,,0,,,,,,,0,0,0,,,,0,,,,,,,0,0,,,,0,0,0,,,,0,,,,,,,,,,,,,,,,,,,
141,A.McFarland rushed up the middle for -2 yards. Tackled by T.Feeney; N.Farrell at BHM 47.,4/12/2026,The Dome at America's Center,STL,BHM,27,30,30,27,4,10,5,,,,,BHM 49,51,1,10,BHM,STL,0,1,0,,,0,0,,,,0,0,,,0,0,,0,0,0,0,0,,,,0,1,A.McFarland,Anthony McFarland Jr.,A.McFarland BHM,0,0,-2,0,Middle,0,,,,,,0,0,,,,,,0,,,,,0,,,,,0,,0,,,,0,0,,,,,,,,,,,,,,,,,,,,,,,,,,,,,,,,,,,,,,,,,,,,,,,,,,,,,,,,0,,,,,,0,0,,,,,0,,,,0,0,,,,,0,,,,0,0,0,0,0,0,0,,,,0,0,0,,,,,0,0,,,,,0,,,,,,,,,0,0,,,,0,0,0,0,,,,0,,,,,,,0,0,0,,,,0,,,,,,,0,0,,,,0,0,0,,,,0,,,,,,,,,,,,,,,,,,,
142,M.Corral pass short left complete. Catch made by A.McFarland for 3 yards. Pushed out of bounds by A.Thomas at BHM 50.,4/12/2026,The Dome at America's Center,STL,BHM,27,30,30,27,4,9,28,,,,,BHM 47,53,2,12,BHM,STL,1,0,0,,,0,0,M.Corral,Matt Corral,M.Corral BHM,1,1,,Short Left,1,0,3,0,0,0,1,1,A.McFarland,Anthony McFarland Jr.,A.McFarland BHM,0,0,,,,0,0,,0,,0,,,,,,0,0,,,,,,0,,,,,0,,,,,0,,0,,,,0,0,,,,,,,,,,,,,,,,,,,,,,,,,,,,,,,,,,,,,,,,,,,,,,,,,,,,,,,,0,,,,,,0,0,,,,,0,,,,0,0,,,,,0,,,,0,0,0,0,0,0,0,,,,0,0,0,,,,,0,0,,,,,0,,,,,,,,,0,0,,,,0,0,0,0,,,,0,,,,,,,0,0,0,,,,0,,,,,,,0,0,,,,0,0,0,,,,0,,,,,,,,,,,,,,,,,,,
143,Timeout #1 by BHM.,4/12/2026,The Dome at America's Center,STL,BHM,27,30,30,27,,8,45,,,,,,,,,BHM,STL,0,0,0,,,0,0,,,,0,0,,,0,0,,0,0,0,0,0,,,,0,0,,,,0,0,,0,,0,,,,,,0,0,,,,,,0,,,,,0,,,,,0,,0,,,,0,0,,,,,,,,,,,,,,,,,,,,,,,,,,,,,,,,,,,,,,,,,,,,,,,,,,,,,,,,0,,,,,,0,0,,,,,0,,,,0,0,,,,,0,,,,0,0,0,0,0,0,0,,,,0,0,0,,,,,0,0,,,,,0,,,,,,,,,0,0,,,,0,0,0,0,,,,0,,,,,,,0,0,0,,,,0,,,,,,,0,0,,,,0,0,0,,,,0,,,,,,,,,,,,,,,,,,,
144,M.Corral steps back to pass. Sacked at BHM 41 for -9 yards (C.Davis).,4/12/2026,The Dome at America's Center,STL,BHM,27,30,30,27,4,8,45,,,,,50,50,3,9,BHM,STL,1,0,0,,,0,0,M.Corral,Matt Corral,M.Corral BHM,1,1,,,0,0,,0,0,0,0,0,,,,1,0,,,,0,0,,0,,0,,,,,,0,0,,,,,,0,,,,,0,,,,,0,,0,,,,0,0,,,,,,,,,,,,,,,,,,,,,,,,,,,,,,,,,,,,,,,,,,,,,,,,,,,,,,,,0,,,,,,0,0,,,,,0,,,,0,0,,,,,0,,,,0,0,0,0,0,0,0,,,,0,0,0,,,,,0,0,,,,,0,,,,,,,,,0,0,,,,0,0,0,0,,,,0,,,,,,,0,0,0,,,,0,,,,,,,0,0,,,,0,0,0,,,,0,,,,,,,,,,,,,,,,,,,
145,"C.Wadman punts 34 yards to STL 25, Center-R.Langan. Out of bounds.",4/12/2026,The Dome at America's Center,STL,BHM,27,30,30,27,4,8,1,,,,,BHM 41,59,4,18,BHM,STL,0,0,0,,,0,0,,,,0,0,,,0,0,,0,0,0,0,0,,,,0,0,,,,0,0,,0,,0,,,,,,0,0,,,,,,0,,,,,0,,,,,0,,0,,,,0,0,,,,,,,,,,,,,,,,,,,,,,,,,,,,,,,,,,,,,,,,,,,,,,,,,,,,,,,,0,,,,,,0,0,,,,,0,,,,0,0,,,,,1,C.Wadman,Colby Wadman,C.Wadman BHM,0,1,0,0,0,0,0,,,,0,0,0,,,,,0,0,,,,,0,,,,,,,,,0,0,,,,0,0,0,0,,,,0,,,,,,,0,0,0,,,,0,,,,,,,0,0,,,,0,0,0,,,,0,,,,,,,,,,,,,,,,,,,
146,J.Howard rushed left guard for 7 yards. Tackled by H.Clark at STL 32.,4/12/2026,The Dome at America's Center,STL,BHM,27,30,27,30,4,7,53,,,,,STL 25,75,1,10,STL,BHM,0,1,0,,,0,0,,,,0,0,,,0,0,,0,0,0,0,0,,,,0,1,J.Howard,Jarveon Howard,J.Howard STL,0,0,7,0,Left Guard,0,,,,,,0,0,,,,,,0,,,,,0,,,,,0,,0,,,,0,0,,,,,,,,,,,,,,,,,,,,,,,,,,,,,,,,,,,,,,,,,,,,,,,,,,,,,,,,0,,,,,,0,0,,,,,0,,,,0,0,,,,,0,,,,0,0,0,0,0,0,0,,,,0,0,0,,,,,0,0,,,,,0,,,,,,,,,0,0,,,,0,0,0,0,,,,0,,,,,,,0,0,0,,,,0,,,,,,,0,0,,,,0,0,0,,,,0,,,,,,,,,,,,,,,,,,,
147,J.Howard rushed up the middle for 5 yards. Tackled by T.Crowder at STL 37.,4/12/2026,The Dome at America's Center,STL,BHM,27,30,27,30,4,7,23,,,,,STL 32,68,2,3,STL,BHM,0,1,0,,,0,0,,,,0,0,,,0,0,,0,0,0,0,0,,,,0,1,J.Howard,Jarveon Howard,J.Howard STL,0,0,5,0,Middle,0,,,,,,0,0,,,,,,0,,,,,0,,,,,0,,0,,,,0,0,,,,,,,,,,,,,,,,,,,,,,,,,,,,,,,,,,,,,,,,,,,,,,,,,,,,,,,,0,,,,,,0,0,,,,,0,,,,0,0,,,,,0,,,,0,0,0,0,0,0,0,,,,0,0,0,,,,,0,0,,,,,0,,,,,,,,,0,0,,,,0,0,0,0,,,,0,,,,,,,0,0,0,,,,0,,,,,,,0,0,,,,0,0,0,,,,0,,,,,,,,,,,,,,,,,,,
148,H.Frost steps back to pass. Pass incomplete short left intended for H.Butler.,4/12/2026,The Dome at America's Center,STL,BHM,27,30,27,30,4,6,46,,,,,STL 37,63,1,10,STL,BHM,1,0,0,,,0,0,H.Frost,Harrison Frost,H.Frost STL,1,1,,,0,1,,0,0,0,1,0,H.Butler,Hakeem Butler,H.Butler STL,0,0,,,,0,0,,0,,0,,,,,,0,0,,,,,,0,,,,,0,,,,,0,,0,,,,0,0,,,,,,,,,,,,,,,,,,,,,,,,,,,,,,,,,,,,,,,,,,,,,,,,,,,,,,,,0,,,,,,0,0,,,,,0,,,,0,0,,,,,0,,,,0,0,0,0,0,0,0,,,,0,0,0,,,,,0,0,,,,,0,,,,,,,,,0,0,,,,0,0,0,0,,,,0,,,,,,,0,0,0,,,,0,,,,,,,0,0,,,,0,0,0,,,,0,,,,,,,,,,,,,,,,,,,
149,H.Frost pass short right complete. Catch made by J.Pearson for -2 yards. Tackled by H.Clark at STL 35.,4/12/2026,The Dome at America's Center,STL,BHM,27,30,27,30,4,6,18,,,,,STL 37,63,2,10,STL,BHM,1,0,0,,,0,0,H.Frost,Harrison Frost,H.Frost STL,1,1,,Short Right,1,0,-2,0,0,0,1,1,J.Pearson,Jahcour Pearson,J.Pearson STL,0,0,,,,0,0,,0,,0,,,,,,0,0,,,,,,0,,,,,0,,,,,0,,0,,,,0,0,,,,,,,,,,,,,,,,,,,,,,,,,,,,,,,,,,,,,,,,,,,,,,,,,,,,,,,,0,,,,,,0,0,,,,,0,,,,0,0,,,,,0,,,,0,0,0,0,0,0,0,,,,0,0,0,,,,,0,0,,,,,0,,,,,,,,,0,0,,,,0,0,0,0,,,,0,,,,,,,0,0,0,,,,0,,,,,,,0,0,,,,0,0,0,,,,0,,,,,,,,,,,,,,,,,,,
150,H.Frost pass deep middle complete. Catch made by H.Butler for 20 yards. Tackled by R.Cooper at BHM 45.,4/12/2026,The Dome at America's Center,STL,BHM,27,30,27,30,4,5,45,,,,,STL 35,65,3,12,STL,BHM,1,0,0,,,0,0,H.Frost,Harrison Frost,H.Frost STL,1,1,,Deep Middle,1,0,20,0,0,0,1,1,H.Butler,Hakeem Butler,H.Butler STL,0,0,,,,0,0,,0,,0,,,,,,0,0,,,,,,0,,,,,0,,,,,0,,0,,,,0,0,,,,,,,,,,,,,,,,,,,,,,,,,,,,,,,,,,,,,,,,,,,,,,,,,,,,,,,,0,,,,,,0,0,,,,,0,,,,0,0,,,,,0,,,,0,0,0,0,0,0,0,,,,0,0,0,,,,,0,0,,,,,0,,,,,,,,,0,0,,,,0,0,0,0,,,,0,,,,,,,0,0,0,,,,0,,,,,,,0,0,,,,0,0,0,,,,0,,,,,,,,,,,,,,,,,,,
151,H.Frost steps back to pass. Pass incomplete deep middle intended for J.Pearson (H.Clark).,4/12/2026,The Dome at America's Center,STL,BHM,27,30,27,30,4,5,18,,,,,BHM 45,45,1,10,STL,BHM,1,0,0,,,0,0,H.Frost,Harrison Frost,H.Frost STL,1,1,,,0,1,,0,0,0,1,0,J.Pearson,Jahcour Pearson,J.Pearson STL,0,0,,,,0,0,,0,,0,,,,,,0,0,,,,,,0,,,,,0,,,,,0,,0,,,,0,0,,,,,,,,,,,,,,,,,,,,,,,,,,,,,,,,,,,,,,,,,,,,,,,,,,,,,,,,0,,,,,,0,0,,,,,0,,,,0,0,,,,,0,,,,0,0,0,0,0,0,0,,,,0,0,0,,,,,0,0,,,,,0,,,,,,,,,0,0,,,,0,0,0,0,,,,0,,,,,,,0,0,0,,,,0,,,,,,,0,0,,,,0,0,0,,,,0,,,,,,,,,,,,,,,,,,,
152,K.Latulas rushed up the middle for 9 yards. Tackled by K.Jones at BHM 36.,4/12/2026,The Dome at America's Center,STL,BHM,27,30,27,30,4,4,58,,,,,BHM 45,45,2,10,STL,BHM,0,1,0,,,0,0,,,,0,0,,,0,0,,0,0,0,0,0,,,,0,1,K.Latulas,Kevon Latulas,K.Latulas STL,0,0,9,0,Middle,0,,,,,,0,0,,,,,,0,,,,,0,,,,,0,,0,,,,0,0,,,,,,,,,,,,,,,,,,,,,,,,,,,,,,,,,,,,,,,,,,,,,,,,,,,,,,,,0,,,,,,0,0,,,,,0,,,,0,0,,,,,0,,,,0,0,0,0,0,0,0,,,,0,0,0,,,,,0,0,,,,,0,,,,,,,,,0,0,,,,0,0,0,0,,,,0,,,,,,,0,0,0,,,,0,,,,,,,0,0,,,,0,0,0,,,,0,,,,,,,,,,,,,,,,,,,
153,K.Latulas rushed right guard for 4 yards. Tackled by T.Carter at BHM 32.,4/12/2026,The Dome at America's Center,STL,BHM,27,30,27,30,4,4,9,,,,,BHM 36,36,3,1,STL,BHM,0,1,0,,,0,0,,,,0,0,,,0,0,,0,0,0,0,0,,,,0,1,K.Latulas,Kevon Latulas,K.Latulas STL,0,0,4,0,Right Guard,0,,,,,,0,0,,,,,,0,,,,,0,,,,,0,,0,,,,0,0,,,,,,,,,,,,,,,,,,,,,,,,,,,,,,,,,,,,,,,,,,,,,,,,,,,,,,,,0,,,,,,0,0,,,,,0,,,,0,0,,,,,0,,,,0,0,0,0,0,0,0,,,,0,0,0,,,,,0,0,,,,,0,,,,,,,,,0,0,,,,0,0,0,0,,,,0,,,,,,,0,0,0,,,,0,,,,,,,0,0,,,,0,0,0,,,,0,,,,,,,,,,,,,,,,,,,
154,K.Latulas rushed left tackle for 2 yards. Tackled by I.Green-May at BHM 30.,4/12/2026,The Dome at America's Center,STL,BHM,27,30,27,30,4,3,37,,,,,BHM 32,32,1,10,STL,BHM,0,1,0,,,0,0,,,,0,0,,,0,0,,0,0,0,0,0,,,,0,1,K.Latulas,Kevon Latulas,K.Latulas STL,0,0,2,0,Left Tackle,0,,,,,,0,0,,,,,,0,,,,,0,,,,,0,,0,,,,0,0,,,,,,,,,,,,,,,,,,,,,,,,,,,,,,,,,,,,,,,,,,,,,,,,,,,,,,,,0,,,,,,0,0,,,,,0,,,,0,0,,,,,0,,,,0,0,0,0,0,0,0,,,,0,0,0,,,,,0,0,,,,,0,,,,,,,,,0,0,,,,0,0,0,0,,,,0,,,,,,,0,0,0,,,,0,,,,,,,0,0,,,,0,0,0,,,,0,,,,,,,,,,,,,,,,,,,
155,H.Frost pass short middle complete. Catch made by T.Neville for 5 yards. Tackled by K.Tezino; T.Crowder at BHM 25.,4/12/2026,The Dome at America's Center,STL,BHM,27,30,27,30,4,2,58,,,,,BHM 30,30,2,8,STL,BHM,1,0,0,,,0,0,H.Frost,Harrison Frost,H.Frost STL,1,1,,Short Middle,1,0,5,0,0,0,1,1,T.Neville,Tyler Neville,T.Neville STL,0,0,,,,0,0,,0,,0,,,,,,0,0,,,,,,0,,,,,0,,,,,0,,0,,,,0,0,,,,,,,,,,,,,,,,,,,,,,,,,,,,,,,,,,,,,,,,,,,,,,,,,,,,,,,,0,,,,,,0,0,,,,,0,,,,0,0,,,,,0,,,,0,0,0,0,0,0,0,,,,0,0,0,,,,,0,0,,,,,0,,,,,,,,,0,0,,,,0,0,0,0,,,,0,,,,,,,0,0,0,,,,0,,,,,,,0,0,,,,0,0,0,,,,0,,,,,,,,,,,,,,,,,,,
156,"H.Frost pass short right complete. Catch made by J.Pearson for 14 yards. Tackled by T.Crowder, L.Denis at BHM 11.",4/12/2026,The Dome at America's Center,STL,BHM,27,30,27,30,4,2,16,,,,,BHM 25,25,3,3,STL,BHM,1,0,0,,,0,0,H.Frost,Harrison Frost,H.Frost STL,1,1,,Short Right,1,0,14,0,0,0,1,1,J.Pearson,Jahcour Pearson,J.Pearson STL,0,0,,,,0,0,,0,,0,,,,,,0,0,,,,,,0,,,,,0,,,,,0,,0,,,,0,0,,,,,,,,,,,,,,,,,,,,,,,,,,,,,,,,,,,,,,,,,,,,,,,,,,,,,,,,0,,,,,,0,0,,,,,0,,,,0,0,,,,,0,,,,0,0,0,0,0,0,0,,,,0,0,0,,,,,0,0,,,,,0,,,,,,,,,0,0,,,,0,0,0,0,,,,0,,,,,,,0,0,0,,,,0,,,,,,,0,0,,,,0,0,0,,,,0,,,,,,,,,,,,,,,,,,,
157,Two minute warning.,4/12/2026,The Dome at America's Center,STL,BHM,27,30,27,30,,2,0,,,,,,,,,STL,BHM,0,0,0,,,0,0,,,,0,0,,,0,0,,0,0,0,0,0,,,,0,0,,,,0,0,,0,,0,,,,,,0,0,,,,,,0,,,,,0,,,,,0,,0,,,,0,0,,,,,,,,,,,,,,,,,,,,,,,,,,,,,,,,,,,,,,,,,,,,,,,,,,,,,,,,0,,,,,,0,0,,,,,0,,,,0,0,,,,,0,,,,0,0,0,0,0,0,0,,,,0,0,0,,,,,0,0,,,,,0,,,,,,,,,0,0,,,,0,0,0,0,,,,0,,,,,,,0,0,0,,,,0,,,,,,,0,0,,,,0,0,0,,,,0,,,,,,,,,,,,,,,,,,,
158,H.Frost pass short left complete. Catch made by T.Neville for 11 yards. TOUCHDOWN.,4/12/2026,The Dome at America's Center,STL,BHM,33,30,33,30,4,2,0,,,,,BHM 11,11,1,10,STL,BHM,1,0,0,,,0,0,H.Frost,Harrison Frost,H.Frost STL,1,1,,Short Left,1,0,11,1,0,0,1,1,T.Neville,Tyler Neville,T.Neville STL,0,0,,,,0,0,,0,,0,,,,,,0,0,,,,,,0,,,,,0,,,,,0,,0,,,,0,0,,,,,,,,,,,,,,,,,,,,,,,,,,,,,,,,,,,,,,,,,,,,,,,,,,,,,,,,0,,,,,,0,0,,,,,0,,,,0,0,,,,,0,,,,0,0,0,0,0,0,0,,,,0,0,0,,,,,0,0,,,,,0,,,,,,,,,0,0,,,,0,0,0,0,,,,0,,,,,,,0,0,0,,,,0,,,,,,,0,0,,,,0,0,0,,,,0,,,,,,,,,,,,,,,,,,,
159,T.McCann extra point is good.,4/12/2026,The Dome at America's Center,STL,BHM,34,30,34,30,4,1,52,,,,,BHM 15,15,,,STL,BHM,0,0,0,,,0,0,,,,0,0,,,0,0,,0,0,0,0,0,,,,0,0,,,,0,0,,0,,0,,,,,,0,0,,,,,,0,,,,,0,,,,,0,,0,,,,0,0,,,,,,,,,,,,,,,,,,,,,,,,,,,,,,,,,,,,,,,,,,,,,,,,,,,,,,,,0,STL,,,,,0,0,,,,,0,,,,0,0,,,,,0,,,,0,0,0,0,0,0,0,,,,0,0,0,,,,,0,0,,,,,0,,,,,,,,,0,0,,,,0,1,1,0,,,,0,,,,,,,0,0,0,,,,0,,,,,,,0,0,,,,0,0,0,,,,0,,,,,,,,,,,,,,,,,,,
160,R.Sanborn kicks 67 yards from STL 30 to the BHM 3. L.Shenault returns the kickoff. Tackled by T.Neville at BHM 27.,4/12/2026,The Dome at America's Center,STL,BHM,34,30,,,4,1,52,,,,,STL 30,30,,,,,0,0,0,,,0,0,,,,0,0,,,0,0,,0,0,0,0,0,,,,0,0,,,,0,0,,0,,0,,,,,,0,0,,,,,,0,,,,,0,,,,,0,,0,,,,0,0,,,,,,,,,,,,,,,,,,,,,,,,,,,,,,,,,,,,,,,,,,,,,,,,,,,,,,,,1,STL,BHM,R.Sanborn,Ryan Sanborn,R.Sanborn STL,0,0,,,,,1,L.Shenault,Laviska Shenault Jr.,L.Shenault BHM,0,0,,,,,0,,,,0,0,0,0,0,0,0,,,,0,0,0,,,,,0,0,,,,,0,,,,,,,,,0,0,,,,0,0,0,0,,,,0,,,,,,,0,0,0,,,,0,,,,,,,0,0,,,,0,0,0,,,,0,,,,,,,,,,,,,,,,,,,
161,M.Corral pass short right complete. Catch made by J.Mickens for 22 yards. Tackled by L.Barcoo at BHM 49.,4/12/2026,The Dome at America's Center,STL,BHM,34,30,30,34,4,1,46,,,,,BHM 27,73,1,10,BHM,STL,1,0,0,,,0,0,M.Corral,Matt Corral,M.Corral BHM,1,1,,Short Right,1,0,22,0,0,0,1,1,J.Mickens,Jaydon Mickens,J.Mickens BHM,0,0,,,,0,0,,0,,0,,,,,,0,0,,,,,,0,,,,,0,,,,,0,,0,,,,0,0,,,,,,,,,,,,,,,,,,,,,,,,,,,,,,,,,,,,,,,,,,,,,,,,,,,,,,,,0,,,,,,0,0,,,,,0,,,,0,0,,,,,0,,,,0,0,0,0,0,0,0,,,,0,0,0,,,,,0,0,,,,,0,,,,,,,,,0,0,,,,0,0,0,0,,,,0,,,,,,,0,0,0,,,,0,,,,,,,0,0,,,,0,0,0,,,,0,,,,,,,,,,,,,,,,,,,
162,M.Corral steps back to pass. Pass incomplete short right intended for J.Ross.,4/12/2026,The Dome at America's Center,STL,BHM,34,30,30,34,4,1,27,,,,,BHM 49,51,1,10,BHM,STL,1,0,0,,,0,0,M.Corral,Matt Corral,M.Corral BHM,1,1,,,0,1,,0,0,0,1,0,J.Ross,Justyn Ross,J.Ross BHM,0,0,,,,0,0,,0,,0,,,,,,0,0,,,,,,0,,,,,0,,,,,0,,0,,,,0,0,,,,,,,,,,,,,,,,,,,,,,,,,,,,,,,,,,,,,,,,,,,,,,,,,,,,,,,,0,,,,,,0,0,,,,,0,,,,0,0,,,,,0,,,,0,0,0,0,0,0,0,,,,0,0,0,,,,,0,0,,,,,0,,,,,,,,,0,0,,,,0,0,0,0,,,,0,,,,,,,0,0,0,,,,0,,,,,,,0,0,,,,0,0,0,,,,0,,,,,,,,,,,,,,,,,,,
163,M.Corral steps back to pass. Pass incomplete short right intended for D.Cain.,4/12/2026,The Dome at America's Center,STL,BHM,34,30,30,34,4,1,22,,,,,BHM 49,51,2,10,BHM,STL,1,0,0,,,0,0,M.Corral,Matt Corral,M.Corral BHM,1,1,,,0,1,,0,0,0,1,0,D.Cain,Deon Cain,D.Cain BHM,0,0,,,,0,0,,0,,0,,,,,,0,0,,,,,,0,,,,,0,,,,,0,,0,,,,0,0,,,,,,,,,,,,,,,,,,,,,,,,,,,,,,,,,,,,,,,,,,,,,,,,,,,,,,,,0,,,,,,0,0,,,,,0,,,,0,0,,,,,0,,,,0,0,0,0,0,0,0,,,,0,0,0,,,,,0,0,,,,,0,,,,,,,,,0,0,,,,0,0,0,0,,,,0,,,,,,,0,0,0,,,,0,,,,,,,0,0,,,,0,0,0,,,,0,,,,,,,,,,,,,,,,,,,
164,M.Corral steps back to pass. Pass incomplete deep right intended for J.Ross.,4/12/2026,The Dome at America's Center,STL,BHM,34,30,30,34,4,1,18,,,,,BHM 49,51,3,10,BHM,STL,1,0,0,,,0,0,M.Corral,Matt Corral,M.Corral BHM,1,1,,,0,1,,0,0,0,1,0,J.Ross,Justyn Ross,J.Ross BHM,0,0,,,,0,0,,0,,0,,,,,,0,0,,,,,,0,,,,,0,,,,,0,,0,,,,0,0,,,,,,,,,,,,,,,,,,,,,,,,,,,,,,,,,,,,,,,,,,,,,,,,,,,,,,,,0,,,,,,0,0,,,,,0,,,,0,0,,,,,0,,,,0,0,0,0,0,0,0,,,,0,0,0,,,,,0,0,,,,,0,,,,,,,,,0,0,,,,0,0,0,0,,,,0,,,,,,,0,0,0,,,,0,,,,,,,0,0,,,,0,0,0,,,,0,,,,,,,,,,,,,,,,,,,
165,Timeout #2 by BHM.,4/12/2026,The Dome at America's Center,STL,BHM,34,30,30,34,,1,12,,,,,,,,,BHM,STL,0,0,0,,,0,0,,,,0,0,,,0,0,,0,0,0,0,0,,,,0,0,,,,0,0,,0,,0,,,,,,0,0,,,,,,0,,,,,0,,,,,0,,0,,,,0,0,,,,,,,,,,,,,,,,,,,,,,,,,,,,,,,,,,,,,,,,,,,,,,,,,,,,,,,,0,,,,,,0,0,,,,,0,,,,0,0,,,,,0,,,,0,0,0,0,0,0,0,,,,0,0,0,,,,,0,0,,,,,0,,,,,,,,,0,0,,,,0,0,0,0,,,,0,,,,,,,0,0,0,,,,0,,,,,,,0,0,,,,0,0,0,,,,0,,,,,,,,,,,,,,,,,,,
166,M.Corral steps back to pass. Pass incomplete deep left intended for D.Cain (N.Clarke).,4/12/2026,The Dome at America's Center,STL,BHM,34,30,30,34,4,1,12,,,,,BHM 49,51,4,10,BHM,STL,1,0,0,,,0,0,M.Corral,Matt Corral,M.Corral BHM,1,1,,,0,1,,0,0,0,1,0,D.Cain,Deon Cain,D.Cain BHM,0,0,,,,0,0,,0,,0,,,,,,0,0,,,,,,0,,,,,0,,,,,0,,0,,,,0,0,,,,,,,,,,,,,,,,,,,,,,,,,,,,,,,,,,,,,,,,,,,,,,,,,,,,,,,,0,,,,,,0,0,,,,,0,,,,0,0,,,,,0,,,,0,0,0,0,0,0,0,,,,0,0,0,,,,,0,0,,,,,0,,,,,,,,,0,0,,,,0,0,0,0,,,,0,,,,,,,0,0,0,,,,0,,,,,,,0,0,,,,0,0,0,,,,0,,,,,,,,,,,,,,,,,,,
167,H.Frost kneels at the STL 48.,4/12/2026,The Dome at America's Center,STL,BHM,34,30,34,30,4,1,7,,,,,BHM 49,49,1,10,STL,BHM,0,1,0,,,0,0,,,,0,0,,,0,0,,0,0,0,0,0,,,,0,1,H.Frost,Harrison Frost,H.Frost STL,0,1,,0,,0,,,,,,0,0,,,,,,0,,,,,0,,,,,0,,0,,,,0,0,,,,,,,,,,,,,,,,,,,,,,,,,,,,,,,,,,,,,,,,,,,,,,,,,,,,,,,,0,,,,,,0,0,,,,,0,,,,0,0,,,,,0,,,,0,0,0,0,0,0,0,,,,0,0,0,,,,,0,0,,,,,0,,,,,,,,,0,0,,,,0,0,0,0,,,,0,,,,,,,0,0,0,,,,0,,,,,,,0,0,,,,0,0,0,,,,0,,,,,,,,,,,,,,,,,,,
168,Timeout #3 by BHM.,4/12/2026,The Dome at America's Center,STL,BHM,34,30,34,30,,1,4,,,,,,,,,STL,BHM,0,0,0,,,0,0,,,,0,0,,,0,0,,0,0,0,0,0,,,,0,0,,,,0,0,,0,,0,,,,,,0,0,,,,,,0,,,,,0,,,,,0,,0,,,,0,0,,,,,,,,,,,,,,,,,,,,,,,,,,,,,,,,,,,,,,,,,,,,,,,,,,,,,,,,0,,,,,,0,0,,,,,0,,,,0,0,,,,,0,,,,0,0,0,0,0,0,0,,,,0,0,0,,,,,0,0,,,,,0,,,,,,,,,0,0,,,,0,0,0,0,,,,0,,,,,,,0,0,0,,,,0,,,,,,,0,0,,,,0,0,0,,,,0,,,,,,,,,,,,,,,,,,,
169,H.Frost kneels at the STL 44.,4/12/2026,The Dome at America's Center,STL,BHM,34,30,34,30,4,1,4,,,,,STL 48,52,2,13,STL,BHM,0,1,0,,,0,0,,,,0,0,,,0,0,,0,0,0,0,0,,,,0,1,H.Frost,Harrison Frost,H.Frost STL,0,1,,0,,0,,,,,,0,0,,,,,,0,,,,,0,,,,,0,,0,,,,0,0,,,,,,,,,,,,,,,,,,,,,,,,,,,,,,,,,,,,,,,,,,,,,,,,,,,,,,,,0,,,,,,0,0,,,,,0,,,,0,0,,,,,0,,,,0,0,0,0,0,0,0,,,,0,0,0,,,,,0,0,,,,,0,,,,,,,,,0,0,,,,0,0,0,0,,,,0,,,,,,,0,0,0,,,,0,,,,,,,0,0,,,,0,0,0,,,,0,,,,,,,,,,,,,,,,,,,
170,H.Frost kneels at the STL 40.,4/12/2026,The Dome at America's Center,STL,BHM,34,30,34,30,4,0,29,,,,,STL 44,56,3,17,STL,BHM,0,1,0,,,0,0,,,,0,0,,,0,0,,0,0,0,0,0,,,,0,1,H.Frost,Harrison Frost,H.Frost STL,0,1,,0,,0,,,,,,0,0,,,,,,0,,,,,0,,,,,0,,0,,,,0,0,,,,,,,,,,,,,,,,,,,,,,,,,,,,,,,,,,,,,,,,,,,,,,,,,,,,,,,,0,,,,,,0,0,,,,,0,,,,0,0,,,,,0,,,,0,0,0,0,0,0,0,,,,0,0,0,,,,,0,0,,,,,0,,,,,,,,,0,0,,,,0,0,0,0,,,,0,,,,,,,0,0,0,,,,0,,,,,,,0,0,,,,0,0,0,,,,0,,,,,,,,,,,,,,,,,,,
171,End Game,4/12/2026,The Dome at America's Center,STL,BHM,34,30,,,,0,0,,,,,,,,,,,0,0,0,,,0,0,,,,0,0,,,0,0,,0,0,0,0,0,,,,0,0,,,,0,0,,0,,0,,,,,,0,0,,,,,,0,,,,,0,,,,,0,,0,,,,0,0,,,,,,,,,,,,,,,,,,,,,,,,,,,,,,,,,,,,,,,,,,,,,,,,,,,,,,,,0,,,,,,0,0,,,,,0,,,,0,0,,,,,0,,,,0,0,0,0,0,0,0,,,,0,0,0,,,,,0,0,,,,,0,,,,,,,,,0,0,,,,0,0,0,0,,,,0,,,,,,,0,0,0,,,,0,,,,,,,0,0,,,,0,0,0,,,,0,,,,,,,,,,,,,,,,,,,
